"txid","ordertxid","pair","aclass","subclass","time","type","ordertype","price","cost","fee","vol","margin","misc","ledgers","posttxid","posstatuscode","cprice","ccost","cfee","cvol","cmargin","net","trades"
"TR56FA-O72KZ-02XRGH","OC0CLB-R7TCS-4CC5O7","ADA/EUR","forex","crypto","2024-12-10 14:10:26.5033","buy","market","0.97147","103.55817","0.35764","106.60000000","0.00000","","LUBCXU-LJYLJ-EXQ77A,LWUDTS-EMCIK-PTK93T","TYT7D5-J60FK-HMY4SJ","","","","","","","",""
"T1WJ0T-PAC56-T4UFEL","O6246H-ID25O-WF7593","UNI/EUR","forex","crypto","2024-12-11 15:02:00.7755","buy","limit","16.28600","22.80040","0.06729","1.40000000","0.00000","","LA0L72-53J2D-54I3QK,L2IAGL-58KXO-9T7E8G","T8JDP0-LVSNU-JZA7TZ","","","","","","","",""
"TWXE6S-YLZTG-XN0GUO","O4KH2V-LPYS2-80XKXW","DOGE/EUR","forex","crypto","2024-12-13 20:04:42.2530","buy","limit","0.38932","74.71128","0.17150","191.90000000","0.00000","","L31YIH-AIR4C-OWGZRI,LXA11D-PG8SB-I4Q2Y9","TV86WZ-S3T60-RJIW1S","","","","","","","",""
"TEIYZC-OTOHP-6VZ41N","OAM148-P0TVH-HPBMYO","XRP/EUR","forex","crypto","2024-12-15 15:21:20.3704","buy","limit","2.31958","30.15454","0.07323","13.00000000","0.00000","","L479T6-VXDP5-GJLQM5,LK8P4Q-0B8IC-8BBI4W","TIRE8Q-JNV8Z-2FLU7U","","","","","","","",""
"TD14VE-92MPN-SM43D8","OW3ZP0-8J3TR-P0J43D","SOL/EUR","forex","crypto","2024-12-19 09:37:44.8385","buy","limit","187.05000","165.42106","0.50826","0.88436812","0.00000","","LIQVNB-4GH2M-5ZJA8D,LZR1YX-R2DHY-LURTP0","TLZJJE-GET1G-HR09SK","","","","","","","",""
"TZEBBK-7W1DA-KRM8J5","OECRUY-F38DI-UOVW1N","BTC/EUR","forex","crypto","2024-12-20 18:11:19.8253","buy","limit","93844.00000","512.96632","1.25388","0.00546616","0.00000","","LKVPUC-8D1WJ-CITFOY,LQBKK4-CIJ2V-2HEIFJ","TFC2V3-7PQKO-JTPV60","","","","","","","",""
"TU1GSP-K9P38-QOLDFO","ORXO1B-DJE15-3A5QBS","DOT/EUR","forex","crypto","2024-12-22 07:48:43.9167","buy","limit","6.54370","67.40011","0.14403","10.30000000","0.00000","","LW1HT7-PZE9V-IFTTD9,L6QE3R-ZSJ49-ITN7S5","T5J2O7-S3KKV-9RFTMT","","","","","","","",""
"T4OLR6-N92XF-8E8LD4","OD6AF5-8C2JW-OCLYT8","ADA/EUR","forex","crypto","2024-12-23 14:36:24.8994","buy","limit","0.88975","203.48583","0.67240","228.70000000","0.00000","","L5BCW7-90PDW-5PY6B2,LKNFTU-2GC5W-I6FQJJ","TA26YF-PMVXP-J4HNRI","","","","","","","",""
"TJUY0B-VR6K2-VMWWYZ","OX4W6X-LPU0D-K0GET8","DOT/EUR","forex","crypto","2024-12-25 07:53:42.9697","buy","market","7.21090","49.75521","0.15170","6.90000000","0.00000","","LSJF67-8K52Q-C1IYYO,L4UDOJ-EN0JN-WNYQW7","TLVXWQ-ZXEBB-9EITNN","","","","","","","",""
"T4W7KY-HQIN9-N6XCJ8","O83DHX-8BM92-H3TV3I","DOGE/EUR","forex","crypto","2024-12-26 11:56:26.3417","buy","limit","0.29987","88.13226","0.25391","293.90000000","0.00000","","L2VJ99-T2D5E-M2VAJE,LPECQN-VQHW0-6XKXB9","T4PDZP-6LFEW-VZNVKS","","","","","","","",""
"TO3O0L-LJ8YR-DDP0NE","OC8UYO-57P6B-KLDSFR","XRP/EUR","forex","crypto","2024-12-26 13:27:28.2773","buy","limit","2.06751","198.48096","0.65086","96.00000000","0.00000","","LMUEKI-PU1WY-UVXYBJ,L17MGF-XC08D-TNQFLL","T7V5F1-BCPPV-OHSMDY","","","","","","","",""
"TH811K-ERPET-IUYMO0","OPQCLP-OXKO8-G8QYNP","DOT/EUR","forex","crypto","2024-12-26 19:38:03.2734","buy","limit","6.64610","130.26356","0.26940","19.60000000","0.00000","","LIVSOL-MLGSE-S6M033,LIFHV1-XG1R1-1Q7UWW","T5WFCP-KJCSL-QC3C54","","","","","","","",""
"TLRFCD-6MZSG-IPPSFN","OKOMV2-XCDYK-0X65MU","DOT/EUR","forex","crypto","2025-01-01 08:28:58.3317","buy","limit","6.79500","58.43700","0.16774","8.60000000","0.00000","","L7LXXE-ZDUXL-EZ896D,LYSAL8-M1G9F-K2ST0S","TX5WVF-GYW6Z-BNZ8V1","","","","","","","",""
"T6GYUP-12SPF-HV5BRN","O7ZSED-FQS3D-6357OO","ATOM/EUR","forex","crypto","2025-01-02 16:51:50.7126","buy","market","6.52600","54.16580","0.15172","8.30000000","0.00000","","LI9NB7-4X2EK-3ZEZQA,LCJ4T0-SEKKB-P2QD6V","TASIFP-WIOXD-9CSS9T","","","","","","","",""
"TMCIXD-U1EMM-X3Y9RG","OEZ7BH-25LLO-3RBXK5","SOL/EUR","forex","crypto","2025-01-03 18:16:47.1783","buy","limit","211.45000","32.61852","0.08417","0.15426117","0.00000","","L5LEN6-06N9R-R7S20C,LV3TLC-XLVPY-MB5M9J","T98CWN-2Y8FV-2BC2NN","","","","","","","",""
"TUTOXI-E0RNU-JJQ9K6","ORE4Q6-QDY4L-MCT64Z","ADA/EUR","forex","crypto","2025-01-04 18:23:28.3852","sell","limit","1.03846","62.93086","0.16833","60.60000000","0.00000","","L2SEHE-2ATN2-TWDL9Z,LS13C9-XQYM5-2XG8P6","TBEFFL-ZM764-JWTEKT","","","","","","","",""
"T4U3BB-XUX1O-XRWK8R","O2YKCC-PRHVL-Z049EN","XRP/EUR","forex","crypto","2025-01-06 12:42:39.2739","buy","limit","2.33178","97.00205","0.27849","41.60000000","0.00000","","LLQJID-KNWI5-FLUL1R,LSRLA8-S8HMB-R5XQT4","TP501N-OUHTC-S1K9YE","","","","","","","",""
"TVOBBZ-2SF6F-7LOW4V","OSSRUR-ALDOL-65WVJX","BTC/EUR","forex","crypto","2025-01-07 18:48:09.4728","buy","limit","93801.20000","413.85652","1.03821","0.00441206","0.00000","","LZVGWW-4FYB8-DALFYO,L1750C-EHLXS-LG6MM1","TZXYVG-IUI9K-KHZLM7","","","","","","","",""
"T82KKZ-MPJRH-T7ZEWV","OIYTWB-OZD1A-T7O75R","ATOM/EUR","forex","crypto","2025-01-08 19:57:25.4267","buy","limit","6.27530","62.75300","0.17949","10.00000000","0.00000","","L1KKC1-XI04B-7P47B4,L2G05K-BKV7M-QXS6ES","TJ3L0X-ZAMKY-GVWOPL","","","","","","","",""
"TJI18K-0AXYC-ELOS6Z","OLE6KW-HEF0V-OTQTXH","SOL/EUR","forex","crypto","2025-01-09 17:59:15.5054","buy","limit","179.77000","97.09194","0.21466","0.54008977","0.00000","","LYV2ST-N7E36-HTF4PY,LZR6QC-EOUUY-LAJAHC","TPZTC6-9QKGE-X08N6Q","","","","","","","",""
"TE9OE9-419QZ-PNIQFG","O51BXW-76ICV-QY5IBP","SOL/EUR","forex","crypto","2025-01-10 11:41:55.9843","buy","limit","183.21000","171.78703","0.51411","0.93765093","0.00000","","LH5CSK-30LVY-LKFXHK,LC856W-PR97Y-2LOFN1","TR4KZ3-6U8UE-IHX74D","","","","","","","",""
"T36DDF-GS3JO-NOU9IY","O4X41D-NTCAG-RP2U4D","SOL/EUR","forex","crypto","2025-01-11 16:01:32.9653","sell","market","183.45000","47.52081","0.11463","0.25903957","0.00000","","L7I6YU-J7YKT-XG4AHF,L337KU-U4YTN-02YC0M","TDICVW-V8LW2-QITNGV","","","","","","","",""
"T5G10U-R5L8A-78E9RI","OVH6T1-NTMJS-RD9Q46","AVAX/EUR","forex","crypto","2025-01-11 19:43:38.7073","buy","limit","36.17000","102.94063","0.21384","2.84602235","0.00000","","LLB50A-TVZKH-IUIT7M,L1R00Q-0MFTG-698S4C","T3BAEW-CFHQC-W76XAT","","","","","","","",""
"TN2FOM-D7Q1D-DPUSDD","OTV25A-O20U9-ISYGJJ","SOL/EUR","forex","crypto","2025-01-12 09:05:17.3390","sell","limit","183.99000","46.45905","0.14853","0.25250857","0.00000","","LCPPRC-JIWVH-DK8LW2,LLM349-EL8HL-88KZRU","TIN3OE-UVTYT-8QZPKY","","","","","","","",""
"TJFPNQ-VUT75-PB8Z3V","O6DIXF-WUXX8-L2DDH0","ATOM/EUR","forex","crypto","2025-01-13 11:40:19.4621","buy","limit","6.14070","120.35772","0.36221","19.60000000","0.00000","","LQO1VS-MADO8-E7FLQH,LRRPZL-K3E4X-YF9IGF","TU8IOG-XPBWH-VNZH13","","","","","","","",""
"TEYR8L-NOEMQ-GY27VY","OLIENF-NVUPR-T77GGK","BTC/EUR","forex","crypto","2025-01-14 18:20:12.4065","buy","market","93689.90000","415.79109","1.16643","0.00443795","0.00000","","LLQBMA-E38SR-YO4RCB,L1KJTG-Q01TE-E13N3B","TZT9D3-1K9QM-3P91I3","","","","","","","",""
"T232UT-VG9KU-8S63E1","OOCJXZ-EFLI4-OFWWNC","DOT/EUR","forex","crypto","2025-01-14 20:10:39.2525","buy","limit","6.47410","159.26286","0.46431","24.60000000","0.00000","","LO0Z5Q-RU54D-8WZ42O,L83RLK-TE426-1BW4A7","TFQ9P9-65K55-DMCXXB","","","","","","","",""
"TNK20I-N8910-T2F7AT","OWYAM1-N0LH9-P89FKB","BTC/EUR","forex","crypto","2025-01-15 09:35:29.4792","buy","limit","97499.90000","83.31756","0.20546","0.00085454","0.00000","","L6SZN9-DDE3C-UP8IJL,L2Z0LJ-CH2VF-FQOT8H","TLJEFY-3ZB4L-DIMSYJ","","","","","","","",""
"TZAREI-YAZ39-PECN0D","OL5E11-E9FTA-XP0WFO","LINK/EUR","forex","crypto","2025-01-15 14:27:41.8248","buy","limit","21.48958","50.55092","0.15414","2.35234586","0.00000","","L4DD1V-N8LFJ-DTVV2Y,L4XKSS-0KB68-RERVT9","T97E4U-NY181-ACJBC2","","","","","","","",""
"TXTFDC-79FLV-1XXLP8","OII7EW-BXXGA-EARMS3","XRP/EUR","forex","crypto","2025-01-15 20:44:25.5247","sell","limit","3.05201","236.22557","0.74427","77.40000000","0.00000","","LGE2J5-1B3JC-ZUCQMR,LUNJDU-0ISB5-IQNF74","TT60PL-OZJCN-S6G298","","","","","","","",""
"T2FA39-E3NWX-UJ3AC6","OPE63L-BQGU3-OBYGHG","BTC/EUR","forex","crypto","2025-01-17 14:06:29.5585","sell","limit","101164.10000","646.60957","1.73182","0.00639169","0.00000","","LQFWWX-R5RDN-PX2I9T,LANZR2-MULJA-VB3K3Q","TMVIFI-IT201-8U9N79","","","","","","","",""
"T8UUG9-5RLRD-IHSA7H","OEZ74L-AV714-48N7OD","BTC/EUR","forex","crypto","2025-01-19 07:45:44.5944","buy","limit","98550.10000","85.14729","0.25940","0.00086400","0.00000","","LL90PX-RLZU6-WMX3N0,LKGAZU-41UGL-3WXDRL","TCMLW8-3Y0MA-HYM2ZB","","","","","","","",""
"TE1G98-3EP9P-9W4J66","OCNOLJ-Q52WS-POFV17","ETH/EUR","forex","crypto","2025-01-19 08:32:36.2730","buy","limit","3126.50000","97.89844","0.32837","0.03131247","0.00000","","LUDKTM-ONRVB-JFVYB6,LLI076-A3KKR-ZD5E9P","T3JPXG-H3015-3SFLSE","","","","","","","",""
"TDR5XY-FC4KL-8CGN0T","O6DVWR-B7F6F-DHGZZ0","XRP/EUR","forex","crypto","2025-01-19 19:22:34.5346","buy","market","2.88358","22.49192","0.06162","7.80000000","0.00000","","LXKDOT-RBAD3-WRDHW9,LRE2Q6-JXNNN-GBPJ4U","TFZDY3-O1ICN-S8Y7UI","","","","","","","",""
"TBBMHN-QO7YI-RQ8RTM","O4J3DA-B42HH-IHXS58","UNI/EUR","forex","crypto","2025-01-22 13:53:03.1145","buy","limit","12.40300","94.26280","0.21309","7.60000000","0.00000","","LREG2I-V7ZZJ-64QHKS,LWVA98-4UVKY-RMJLJX","T8XGSI-C43OL-FARK6O","","","","","","","",""
"TYWR7M-KGXUK-Q00U68","O6XII5-P5NVQ-EBWUWQ","DOGE/EUR","forex","crypto","2025-01-23 13:21:46.4187","sell","limit","0.33825","19.85545","0.05675","58.70000000","0.00000","","LS5NKB-4EHOU-6QLZ2R,LWGWAJ-1G1R1-DWWO8N","TBHNAL-3GYWI-YMENVG","","","","","","","",""
"TPYE9R-1F63A-I9HASE","OZ2NX1-WVBD4-BEPEJZ","UNI/EUR","forex","crypto","2025-01-25 23:38:33.4366","sell","limit","11.51200","14.96560","0.04017","1.30000000","0.00000","","LZWKXX-JVE3D-ZEEDHH,LJSHZK-BRH7L-AY64YF","TDS0DJ-I9KQD-GBK2L0","","","","","","","",""
"T6UXQM-334L1-VZNQDX","OAMW2T-ND6R3-0OJHE4","BTC/EUR","forex","crypto","2025-01-26 09:50:38.4532","buy","limit","98048.10000","95.04979","0.26839","0.00096942","0.00000","","LQ2ZDO-74V1Q-X8ERTB,L74RS7-GU0EN-V5SN96","T1J88Q-EOZ0K-Z4Z7WH","","","","","","","",""
"TL68J0-NMEOQ-4YRP5G","OE094D-6RUPW-2W5506","BTC/EUR","forex","crypto","2025-01-26 11:42:41.8914","buy","limit","98048.10000","453.92250","0.91443","0.00462959","0.00000","","L7EOBJ-LZY1U-U9YMSZ,LDXIMY-N4U9B-XF445C","TRI8BI-XOIQ2-Q4QERX","","","","","","","",""
"TSYLEM-RUYP0-4K43SA","OFYH1F-KJ4YK-1B3D50","LINK/EUR","forex","crypto","2025-01-27 11:45:41.4675","buy","limit","23.17637","88.66113","0.29983","3.82549682","0.00000","","L0UI22-KX7N8-9LTAJW,L2536Z-X1TV1-8KGYGG","TSNPUE-VJLZF-FLB7WX","","","","","","","",""
"TS2FTO-M5XLK-8WRU1X","OEMIX7-IB5N2-EJ0AS1","XRP/EUR","forex","crypto","2025-01-28 17:33:14.9426","buy","limit","2.93135","91.45812","0.19291","31.20000000","0.00000","","L2QB6G-S8G8T-ACY15P,LDTZ91-X70FQ-LDB2UU","TIJNWP-AYTXW-1VZC7D","","","","","","","",""
"TRTEO2-T8FY6-20N8TT","OEAVT8-K06MO-XSFH4G","ATOM/EUR","forex","crypto","2025-01-28 21:24:25.3971","buy","limit","5.44120","99.02984","0.23988","18.20000000","0.00000","","LYUB19-TXCYJ-HU8MYI,LKCGRL-XYFU3-8GL2ZX","TJMYLR-Q1RDX-CK36H0","","","","","","","",""
"T6FF7S-O8W50-38HVQR","OHOFU1-WSGY7-VCNEAS","UNI/EUR","forex","crypto","2025-01-29 12:08:40.9263","buy","limit","11.27000","57.47700","0.12598","5.10000000","0.00000","","LY3VG6-V5T1D-X6TA7Y,LPP5ZP-7R1M2-64UPJ1","T6DVTJ-A0ASS-NH2ODP","","","","","","","",""
"T1HBJ6-TXFO6-V4ESDN","OAI89Y-1FFUU-5F07B1","LINK/EUR","forex","crypto","2025-01-29 23:40:01.4796","sell","market","22.67855","8.06161","0.01635","0.35547304","0.00000","","LCNBH6-NQQB9-LZS34J,LTGXNX-4SN6S-M5RRVS","TFFCXH-GNZEI-3ZRRHF","","","","","","","",""
"T1O2RN-TJLMZ-04X0QZ","OFHOMT-ZZF8A-DF7PCH","DOT/EUR","forex","crypto","2025-01-30 18:39:17.2311","buy","market","5.89340","158.53246","0.41779","26.90000000","0.00000","","LV07OX-K8C1G-RA47SH,L2SZWY-MX9DJ-OYOHAZ","T7T0UU-M3I8Q-OAGSUS","","","","","","","",""
"TU118Q-QVAEC-W9YIL8","OSA3ID-Y3C7R-M6J8Y6","SOL/EUR","forex","crypto","2025-01-31 15:44:28.9175","buy","market","223.75000","165.51489","0.56855","0.73973136","0.00000","","L0IIJI-44M2E-C8RA48,L4NL65-UJG1S-O1ESP7","TBM41Q-ESLAY-NDN5GJ","","","","","","","",""
"TZN4KG-EUIDJ-IPNF8F","O3GR94-SZ2KU-UOYC3R","ETH/EUR","forex","crypto","2025-01-31 22:27:13.2577","buy","market","3185.95000","236.18690","0.60201","0.07413390","0.00000","","LQMMU7-JAE58-HUXG2M,LYR06N-KWFG3-MWU4CF","TILKJX-JQ5NV-8OGA0X","","","","","","","",""
"TTAO1C-JFX5L-IKWE4B","OX4LR9-TJQ8Z-GVWWUS","DOGE/EUR","forex","crypto","2025-02-02 10:06:04.9745","buy","market","0.26148","32.24020","0.07255","123.30000000","0.00000","","LLMT2P-NJKA3-4MQA78,LRAPKI-ANOUO-F0ONJP","TI163Y-K03O4-GKWWJW","","","","","","","",""
"TJZ0IF-RML29-Q2L48C","O1CQG4-33E1I-1P0BQ1","BTC/EUR","forex","crypto","2025-02-03 07:11:06.9538","buy","limit","98267.50000","143.90293","0.49712","0.00146440","0.00000","","LXHO87-F00TE-RKMBY9,LIPA2V-OI8UY-YF1IRY","TM81CM-FTDRL-UXM60A","","","","","","","",""
"TTRUTL-Q5V4F-TQ3TQ1","OS05WN-WLC83-GY1FKO","SOL/EUR","forex","crypto","2025-02-04 22:45:28.6276","buy","limit","199.53000","48.57813","0.16264","0.24346279","0.00000","","LDSC4E-5HRDU-4XSZJN,LVC7HR-6C2CU-7ONZ3J","TBCK88-D0TGS-IWG0OD","","","","","","","",""
"T5TGSQ-7AITM-OFMMWI","O9S3W5-63BTK-F6XDN8","LINK/EUR","forex","crypto","2025-02-05 10:57:20.4726","buy","market","18.46096","212.24147","0.58638","11.49677321","0.00000","","LPUPLV-QEXUY-HEY66P,L61XUF-CTZG4-FBL98K","T03W0F-GEA9W-VWVIAC","","","","","","","",""
"THKOEC-UBODS-1EEURX","OHW0IC-1L7DY-PMLVAK","XRP/EUR","forex","crypto","2025-02-05 19:28:48.6729","buy","limit","2.28820","44.61990","0.13433","19.50000000","0.00000","","LW9PFB-3HN14-EB8753,LAYEQA-HTHSJ-R0FZAU","TXBGK2-WBXAN-J4X5A5","","","","","","","",""
"T2TSXT-V76T9-4OW3LI","OTNT0M-Q8ABK-AE6A9H","LINK/EUR","forex","crypto","2025-02-05 20:56:06.6159","buy","limit","18.46096","155.45562","0.47473","8.42077643","0.00000","","LA3YJT-U7FBM-ENUI3D,LO7002-G3YU6-VK0UCC","T1M3O5-5IXVA-1NKBTF","","","","","","","",""
"TREGB1-AJO09-1C795R","OLQIOB-0NLW0-VS52SQ","DOGE/EUR","forex","crypto","2025-02-06 18:11:54.1694","buy","market","0.23887","83.53294","0.24284","349.70000000","0.00000","","L5IT9B-N18GP-51KFK7,LY6QXD-SGV6T-OLAQ66","T5DLXZ-F0DZW-DZ09WF","","","","","","","",""
"TGZPL1-QWEEH-WJQ4TA","O5IVRO-CVITW-U3BFXB","ADA/EUR","forex","crypto","2025-02-09 11:10:55.1531","buy","limit","0.66272","172.90339","0.58240","260.90000000","0.00000","","LY4K7B-PGYVY-V2GQU7,LDKNNC-PTKEZ-JSSZWD","T0W9RY-79KVL-S9MEUS","","","","","","","",""
"TAAWE4-29OMU-WAHK2L","OSLAYM-0WBGL-MY62XR","LINK/EUR","forex","crypto","2025-02-11 14:45:18.8546","buy","limit","18.01789","180.28435","0.59953","10.00585235","0.00000","","L6TM2O-04K0L-THY25M,L8KB9W-4UOV5-1ZLBOR","TIQ8HK-E226P-ARSG70","","","","","","","",""
"THBN5E-LB45L-6D10A1","OWHHKT-1YJFE-8UDTTJ","ADA/EUR","forex","crypto","2025-02-12 10:52:33.5641","buy","limit","0.77022","90.88549","0.28667","118.00000000","0.00000","","LUGL6T-BB6BN-DOZ6WY,LQMLH1-3C71U-D2ZDLX","T1Q8F6-JNG7L-4LRCER","","","","","","","",""
"T32LX2-TOOWT-9NM3V2","OP2TIX-C7URV-QT3G8C","UNI/EUR","forex","crypto","2025-02-13 11:32:06.2781","buy","market","9.44100","78.36030","0.22777","8.30000000","0.00000","","LYV3LX-CHFU1-31XQKW,LQH5K2-Y77Z6-9UWS44","TC68AU-9DKBP-VWZOPH","","","","","","","",""
"TK5EAX-F5X9E-E346Z7","OWQP3N-IPAR0-ZJ7UBB","BTC/EUR","forex","crypto","2025-02-15 18:53:26.8917","buy","limit","93085.10000","177.87818","0.45837","0.00191092","0.00000","","LZERYF-0992Q-C6DR08,LCW2LB-M2QSQ-0P82KB","T700UC-RGB93-WKCS4K","","","","","","","",""
"TXNG2I-GSB98-V341ON","OX0GU4-BJ3BQ-RR87IY","BTC/EUR","forex","crypto","2025-02-18 10:38:11.7390","buy","limit","91449.40000","334.66914","0.79833","0.00365961","0.00000","","LRF5A7-QY8YB-7W8P74,LMJDXO-100VH-MYGTY3","TADDQH-KGAD7-X48WZE","","","","","","","",""
"TMAIET-DN1TH-1XJG2Y","O8RGYB-XKPM2-1B07G2","BTC/EUR","forex","crypto","2025-02-19 09:40:52.8947","buy","limit","92670.80000","452.94336","1.32172","0.00488766","0.00000","","LSCIQU-P06ID-IIOH6C,LVBPHV-GNQGM-JMBUKD","TQP1HK-F286U-TIOS5H","","","","","","","",""
"TJQ7W7-JP61L-FC1NLC","O8JPR7-VGRF1-HX6ZDC","UNI/EUR","forex","crypto","2025-02-19 12:57:07.5105","buy","limit","9.06100","72.48800","0.22803","8.00000000","0.00000","","L1ARXA-BOFLO-AZ1RO0,L3CINY-2ET9M-KB9XN4","TM41KH-T8XKO-DYR5PG","","","","","","","",""
"TR838A-MMZOH-XS75T0","OIC0RA-6WIXA-W63DW4","BTC/EUR","forex","crypto","2025-02-19 22:24:04.2047","buy","limit","92670.80000","454.26392","1.31256","0.00490191","0.00000","","L3DR2H-2P39Y-L9UE42,L1VMEF-OZTP7-BD4W1A","TRAGDX-5O31Y-HXSO7V","","","","","","","",""
"TU6VFU-A9BQ1-BTR23Q","OIUA08-EKXDR-KZ40AQ","XRP/EUR","forex","crypto","2025-02-21 14:15:20.3271","buy","market","2.45821","64.65092","0.20010","26.30000000","0.00000","","L5O2NQ-W4C6L-BPJ8T2,L2C50B-8Y5DN-WNGUCZ","TH9IER-7U8H0-IMJYJC","","","","","","","",""
"T819Y2-07MER-BYEAWH","OMLVHS-21HD4-Y89ORV","BTC/EUR","forex","crypto","2025-02-26 16:30:57.9381","buy","limit","80139.90000","545.99394","1.50755","0.00681301","0.00000","","L76MF4-NNKM9-5D0P92,LK38P6-FVDHR-59C81D","TO6OUZ-1EGNT-B34KUQ","","","","","","","",""
"TQNYY9-5G5DO-G8CFEF","OFH8AO-Y7RP0-AGA24S","SOL/EUR","forex","crypto","2025-02-26 22:45:34.6503","buy","limit","128.71000","199.21766","0.64633","1.54780247","0.00000","","LOMXLV-Z4QKE-2GJR81,LBMQF7-ZK94Y-XFIBLE","TJGUBL-MNTFK-7ORFQL","","","","","","","",""
"TPRYIE-J9C0U-U5WRYE","OSU4FC-L5EFJ-P6MKT7","BTC/EUR","forex","crypto","2025-02-27 22:07:41.9419","buy","limit","81355.80000","240.13873","0.58840","0.00295171","0.00000","","LGW1VG-LL42J-ZNTMFE,LK2O7F-HS32U-Y84ZZ2","TP6EEA-MYFP9-S8GK0E","","","","","","","",""
"TP1EAR-PHBXV-Q6BKAD","OEVVHY-BF0JU-M42WSC","BTC/EUR","forex","crypto","2025-02-28 11:13:08.1229","buy","limit","81334.00000","231.04061","0.54060","0.00284064","0.00000","","LTZ8G1-A0774-RZGYD4,L9PSO1-LQSRN-KZCRNQ","T0Y4IO-9P462-7NAYYO","","","","","","","",""
"T1WNP9-OCIIL-DY5EGT","OBXPSP-AQALU-LDRYHR","ETH/EUR","forex","crypto","2025-03-01 18:22:51.6563","buy","limit","2138.46000","343.42243","0.75288","0.16059334","0.00000","","LFK8HW-9C4HJ-KU2W8Z,LUVJUT-PMC3S-KXLOJS","TYT5WS-GRX37-JW3467","","","","","","","",""
"T06GNH-H4OIP-R11V12","O7MY89-SFQER-I7B03R","ADA/EUR","forex","crypto","2025-03-01 19:44:37.1438","buy","limit","0.63628","45.81216","0.10148","72.00000000","0.00000","","L8NYFW-DC112-HXRJM4,LT8BP6-NLNQB-U4KZRE","TZRDYX-YUR4S-OR8WM9","","","","","","","",""
"T4O46W-4JKFY-IIFA2L","OR9P6H-JB2JT-XB02B6","DOGE/EUR","forex","crypto","2025-03-02 11:15:09.6143","buy","limit","0.22968","85.94648","0.21886","374.20000000","0.00000","","LV56ON-XD70F-E07S38,L7J5IE-3LVO0-IPFG8P","TJVRN8-LPY85-7NZ3A8","","","","","","","",""
"TJNXZ6-YTIPA-877K71","OK4FPL-3X2JC-2R07LP","DOT/EUR","forex","crypto","2025-03-03 08:44:58.2644","sell","limit","4.26650","51.19800","0.16375","12.00000000","0.00000","","L3ZSMV-30QAB-XW2EOW,LLCFS8-314Y2-LR0JY3","T2HOG5-85I87-XW69HZ","","","","","","","",""
"T8EZP7-QYEZG-52KRE4","OV9KYP-OFKJW-6NYQAE","BTC/EUR","forex","crypto","2025-03-03 11:05:23.6296","sell","limit","82141.80000","410.24408","1.18995","0.00499434","0.00000","","L9OHNP-VCUB7-QMVY2Z,L3ASN9-YE6BG-GRMQDZ","TPJL9R-9KMP6-J37SPF","","","","","","","",""
"TBGQFQ-E6RP9-UQEZFM","OHK403-UXH9A-1G7IRD","DOGE/EUR","forex","crypto","2025-03-04 21:03:12.6384","buy","limit","0.18747","115.27733","0.25671","614.90000000","0.00000","","LAYYOV-84FC3-XQ8VA8,LX8L00-8UHBX-LBC8NO","TG85D4-F2K1X-ERP3LY","","","","","","","",""
"TRUP13-WPPBM-QIYFRW","OSKP6R-FE64S-KBCBDP","BTC/EUR","forex","crypto","2025-03-07 13:31:28.2548","buy","market","80098.00000","194.96734","0.49740","0.00243411","0.00000","","LQZ3MV-1A0Q2-4BOZL0,L1Q3M7-3HC9J-YPAOAX","TQOX00-K3WY8-Y2DEG3","","","","","","","",""
"T44TD1-FPE60-QRAQIK","O3OMD4-PORU0-9BOS07","AVAX/EUR","forex","crypto","2025-03-11 11:41:15.8993","buy","market","16.01000","158.85180","0.36756","9.92203651","0.00000","","LICAUT-JX6EW-XQPF0Q,LPSVY7-4ZQ50-OP7XMR","T8FHYD-RGFR2-7RIU9M","","","","","","","",""
"TMEIUR-9211U-645VDB","O82819-2V4DU-SGEHN0","ETH/EUR","forex","crypto","2025-03-13 23:02:51.8233","buy","limit","1717.61000","136.13062","0.44132","0.07925584","0.00000","","L1R5FN-3EH81-A4RKGJ,LZOWI1-T2EP7-68SY7P","T1ZSCM-O1POB-7FU992","","","","","","","",""
"TZLM36-VFOX5-WWPM3X","O15DTO-Z5STH-SLMWA6","TRUMP/EUR","forex","crypto","2025-03-17 19:56:43.9846","buy","limit","10.43100","104.36509","0.25503","10.00528158","0.00000","","LVI109-DCNWM-BXEK0Q,L929U6-WTVMK-2ZYZSI","TLU3ND-Z3CC5-RQNSVS","","","","","","","",""
"T0PFSR-Q8STZ-QBFU7E","O4DNKS-EKNKB-F2P7KK","SOL/EUR","forex","crypto","2025-03-17 21:44:59.3999","buy","market","117.38000","225.93797","0.66758","1.92484212","0.00000","","L3REM5-PUU62-RZV1SQ,LQQ5L2-XOIOT-860X5Z","TU2ZUE-UGWUB-UGR6E7","","","","","","","",""
"TV8LYM-J1QI9-MQVAYX","OAR6YO-6Z1T2-XCB3YY","BTC/EUR","forex","crypto","2025-03-18 15:56:27.6783","buy","limit","75593.90000","215.92188","0.47707","0.00285634","0.00000","","L8NVN4-39ENG-A01YZG,L3W3H9-8BRZV-A9WDJS","TGG0YV-GV0E7-450J4A","","","","","","","",""
"TOB5AP-O4LJE-DGFJDL","OOGWLA-COLOL-N3EH1V","BTC/EUR","forex","crypto","2025-03-18 21:05:51.9076","buy","limit","75593.90000","334.47050","0.77219","0.00442457","0.00000","","LSS8JL-TCBW6-ATVD1X,LEUQ4S-2FTGI-88TB38","TWXGC7-JJY94-H4KFTC","","","","","","","",""
"T0QI2C-LP81L-51FLMN","OAVYCS-44PHH-62MYZ9","UNI/EUR","forex","crypto","2025-03-21 15:22:26.6425","buy","market","6.26400","63.26640","0.18702","10.10000000","0.00000","","L4UMKL-D56R7-WYQHR1,L33NO3-AAMTF-PW6M9H","TKHJG4-IHGJD-3EX5MH","","","","","","","",""
"T4L4OE-SRSBZ-B7TLOM","O539IY-87HLC-WBPA27","AVAX/EUR","forex","crypto","2025-03-21 21:00:27.5102","buy","limit","17.71000","81.44566","0.24605","4.59885122","0.00000","","LIR833-SICVP-DQE97N,L6Y2C2-BVPDC-B4OWO5","T2WQQP-WDXYA-SVDAZV","","","","","","","",""
"T5CF72-GNNV9-IBWGT2","OLB254-85HCQ-XCS1XS","XRP/EUR","forex","crypto","2025-03-22 23:51:39.9168","buy","market","2.19104","149.42893","0.44700","68.20000000","0.00000","","LSGZSR-8RUW2-XH6QIH,LPNF4J-D1KSI-BSMQPN","TRJAPJ-C6KST-CJIEMT","","","","","","","",""
"T9106A-K32OO-UXQS1F","OOI0RS-210Q2-LG1ZHQ","ETH/EUR","forex","crypto","2025-03-27 15:12:45.1493","buy","limit","1854.94000","145.35722","0.35672","0.07836222","0.00000","","LNUE7A-34MPY-O2TLA2,L7F8LW-VV59H-OTGDUQ","T6DDTB-YRGC8-KIXCCS","","","","","","","",""
"TKTOC1-YFMHB-YHZ43X","OZ6OLB-A117N-IDP9MG","XRP/EUR","forex","crypto","2025-03-28 07:38:06.2035","buy","limit","2.03742","232.06214","0.52351","113.90000000","0.00000","","LH523G-GODLU-GHT7EH,LMGOLO-QC3XN-CHKV9D","TT94G8-V9ZY9-YLW5L4","","","","","","","",""
"TRC85E-HPZRV-7VSYJA","OFCO3S-65QU0-K5QZZK","BTC/EUR","forex","crypto","2025-03-28 10:08:34.3869","buy","market","77929.50000","553.10229","1.43069","0.00709747","0.00000","","LOGWPN-XZDZB-5F5TXC,L066O1-EN1S2-OFHBAW","TYQMOG-BJZEY-QQCXZP","","","","","","","",""
"TSZAA1-EIPIC-ERHNXI","O09P5E-L2B2O-31I0MH","XRP/EUR","forex","crypto","2025-03-28 21:24:32.1885","buy","limit","2.03742","34.22866","0.11529","16.80000000","0.00000","","L6XIYZ-VNLPA-5CGWFH,LDV37I-C0LZI-GIKQWJ","T2C9OG-PS013-2AN417","","","","","","","",""
"TKURLZ-H6A50-NOOO0N","OL9C59-E7F18-11MZWN","DOT/EUR","forex","crypto","2025-03-29 19:29:19.1945","buy","market","3.74750","112.79975","0.25533","30.10000000","0.00000","","LX70IB-3WYZX-JQYJV8,L4A1X7-OV6SG-P3JK8X","TNLO50-DW1MF-07OL93","","","","","","","",""
"TGNZHG-8Q3GC-G1J6OW","OW5FKN-JMVRY-DC1AU9","BTC/EUR","forex","crypto","2025-03-30 20:41:18.2586","buy","market","76092.20000","723.52040","1.90051","0.00950847","0.00000","","LH2NS8-JR1VM-YMLINO,LV953A-5O47A-ET81IQ","TY5SXA-W7LW5-80YIR0","","","","","","","",""
"T0KHFS-U4SE2-KYT5GQ","OEXIH1-XDPZF-761HJR","ATOM/EUR","forex","crypto","2025-03-31 22:42:54.3016","sell","limit","4.02890","20.95028","0.07117","5.20000000","0.00000","","LX7WR2-LIU7C-M600X2,L8PIJK-EMVG7-UELN0L","TVGNP1-27EXV-DA4L3K","","","","","","","",""
"T08FC0-TR58P-S0RS95","OZOW60-ZZ0I0-835TVV","UNI/EUR","forex","crypto","2025-04-01 09:40:05.3761","sell","limit","5.84300","18.69760","0.05901","3.20000000","0.00000","","LY5SIC-4S8PN-NE6IT1,LEKKH0-UHK7X-3BQWRM","TWLMA6-GMDRD-SFERFX","","","","","","","",""
"TVL9E9-ZR3RZ-N9L3H0","O3ZB5G-RO9X4-9TMY91","ETH/EUR","forex","crypto","2025-04-01 11:47:42.7407","buy","limit","1765.30000","185.85105","0.53938","0.10528015","0.00000","","LC0K7Z-TDL25-B7KXUP,LR6H2H-XN4D2-4N9YGC","TMR8ES-MPF0I-EOKVG0","","","","","","","",""
"TY7FHW-JWXZU-XSF3L2","ON8IJT-YOLD6-2F2JD9","ADA/EUR","forex","crypto","2025-04-01 19:29:05.4640","buy","limit","0.62738","101.00802","0.33893","161.00000000","0.00000","","LND7G0-L3RTZ-5TV6G8,LOM08T-V4REA-SFEN0B","T09ZIV-ZG92S-JP753K","","","","","","","",""
"TJXNEC-RYSAU-UJ02GR","OXPUDC-62G3A-UT3RSV","DOGE/EUR","forex","crypto","2025-04-01 21:55:52.3033","buy","market","0.16131","79.42821","0.23731","492.40000000","0.00000","","L1HXE5-ZAQLB-UXDJ1D,LEK8G9-XIB86-KTFRL6","T9VSYX-BBF4H-ETVJ0P","","","","","","","",""
"TDP4FM-PM5HG-BO06FH","ORXJPT-2ZL15-S74NDD","ETH/EUR","forex","crypto","2025-04-03 12:34:51.1346","buy","limit","1644.61000","239.66854","0.61037","0.14572971","0.00000","","LEMAYB-3PVAR-KCPW0G,LKEJZX-PR2D0-VG4WFE","TOJGFA-H5NSZ-9HPCPB","","","","","","","",""
"TGAXLK-KVPJR-MEYY1E","OM30VV-IJVDD-WVB853","BTC/EUR","forex","crypto","2025-04-04 20:15:20.4160","buy","limit","76519.90000","225.88904","0.57072","0.00295203","0.00000","","LZ7CTM-09HZB-GTJ546,L96QZ6-CP7SA-VZEBU2","TY0OY5-8F1N2-OJGFHZ","","","","","","","",""
"TKJEIT-KX7JE-5B99HE","OXW8L8-5JE6K-9WAM0K","TRUMP/EUR","forex","crypto","2025-04-05 23:16:19.5194","buy","limit","8.35700","103.26532","0.28457","12.35674511","0.00000","","L8T922-D0NX5-WT3HJU,L31FI0-N6DGG-5GR0XA","TFGOVC-CI68D-S03VNA","","","","","","","",""
"TJ7V2A-2T34D-F163LR","OITJTA-BTD5O-AIINMK","UNI/EUR","forex","crypto","2025-04-06 11:15:49.7303","sell","limit","4.62500","22.20000","0.07552","4.80000000","0.00000","","LYZ6R9-I8KCM-M7DBFP,LMGP6Y-WK5JR-NJ6225","T92FFQ-293EP-0FLE1M","","","","","","","",""
"T3QLX3-F2XHD-CV4BKT","OCV1LT-WBJ9U-U2BL7A","DOGE/EUR","forex","crypto","2025-04-06 12:52:47.6843","buy","limit","0.13566","97.71302","0.22751","720.30000000","0.00000","","L18SLO-MEYL6-SS1A2R,L5BFYC-W8IHY-FZ9S9V","TS1QEK-W7BZY-I9V8U9","","","","","","","",""
"TNTTRT-IDZS1-3HDNH4","ONRED6-M42FQ-4T7PHI","XRP/EUR","forex","crypto","2025-04-06 17:08:51.3257","buy","limit","1.74729","196.39540","0.51474","112.40000000","0.00000","","LEZF0Z-PBDUR-VFFFIA,L3O1QF-S8Q0P-XAECXV","TGFOP8-QZJUL-I7JDN8","","","","","","","",""
"TL7FKN-DG1JR-J5XFEU","OB4O47-EN48N-YSJ5YW","BTC/EUR","forex","crypto","2025-04-08 09:31:06.1934","buy","market","69467.30000","231.24553","0.76443","0.00332884","0.00000","","L0I3A4-KFOCN-QDQX6Q,LD0771-HLL9R-ZRKBFQ","TXLBVN-7NPRB-58YJWD","","","","","","","",""
"TYJ3D6-M1FMP-RYFZMY","OOA2VC-YWL97-00LFQF","BTC/EUR","forex","crypto","2025-04-08 21:55:26.6184","buy","limit","69467.30000","183.73337","0.60828","0.00264489","0.00000","","LE8OSA-Q3EQ8-DH9PTF,LNM88U-A3A6S-5ZXQOM","TTS1EG-PGVTN-4YPKW7","","","","","","","",""
"TD0WTW-S3Y4H-1TE48M","O2Q6X2-O72SJ-XL66YA","UNI/EUR","forex","crypto","2025-04-10 09:41:01.7792","buy","market","4.49800","40.03220","0.13034","8.90000000","0.00000","","LBA24S-0LGUP-UOWOB7,LP7O0O-LFIZE-EUO164","TFLDAA-1FWT9-UA09W1","","","","","","","",""
"T1XJ7W-WUDQV-DK6DRN","O4ORAC-8CYNL-63GAGU","BTC/EUR","forex","crypto","2025-04-11 14:46:49.1515","buy","market","73409.90000","820.36885","2.00612","0.01117518","0.00000","","LEMM9V-ASJEV-TS1HN6,LBEDYE-JHDZX-Q3P87J","TH4Z8D-2VFHZ-PQVJLD","","","","","","","",""
"T8JOV5-8TOE3-PGIHNF","OLAYZH-ULICK-HHUZ83","SOL/EUR","forex","crypto","2025-04-12 09:28:10.2225","buy","limit","116.60000","124.24986","0.31820","1.06560769","0.00000","","LUXYP3-HBRBJ-EQVVIA,LA2UAQ-E8BTS-MAQ3OK","TLMC1R-BK9RX-647DI3","","","","","","","",""
"TG6N69-75J2D-8CLW3J","OGEQE5-158OQ-ESUX9L","BTC/EUR","forex","crypto","2025-04-13 20:14:10.8908","buy","limit","73839.00000","371.83031","1.12717","0.00503569","0.00000","","LIJKCU-5X0HC-8CAH3G,LDHVS4-1LQFS-6HN95S","T2GKFL-5XF50-I6GBXQ","","","","","","","",""
"TSBJDX-0PKOV-TRPYX8","OHBBJC-DIWZO-D05JH2","ETH/EUR","forex","crypto","2025-04-14 13:09:25.6695","buy","market","1433.10000","324.14605","0.82062","0.22618523","0.00000","","LWZKAG-6W04Y-GYFLQ8,LXPA95-G1AMR-A5RBAY","TKIS11-D2MRM-TXJQ3K","","","","","","","",""
"TFOH9M-BUZPH-D7NDJW","OT695G-6MLV8-JGUZ4E","ETH/EUR","forex","crypto","2025-04-14 22:07:17.8455","buy","limit","1433.10000","431.77262","1.41856","0.30128576","0.00000","","LU2MDA-7FYSK-UFRCKQ,LH3ERA-M4BE5-2S8U8Z","TF0P7K-B7IYN-O667VG","","","","","","","",""
"TG3XG0-TRKY8-RYOZDP","OPBQUA-KX6WB-68Q0J9","ETH/EUR","forex","crypto","2025-04-15 10:27:09.6861","buy","limit","1407.20000","387.03381","1.27294","0.27503824","0.00000","","LS4H6S-SGFXU-Q4F2X7,LC4R8V-GZSXJ-ZVUV3C","TB0IXR-YLI17-2D50N9","","","","","","","",""
"TTKDUW-TN5PE-PL7ZQP","OPOAU8-P1WKI-SETUK1","XRP/EUR","forex","crypto","2025-04-15 13:16:08.7433","buy","market","1.84824","107.38274","0.30789","58.10000000","0.00000","","LEYQ1S-4DJ9D-V3UY5E,LVSZZS-U8E6X-FWZ73W","THCF5S-IDASO-7KRGI4","","","","","","","",""
"TVWCT8-JBBSX-PK48AB","O13T4Y-0TB1Z-PPEP69","ETH/EUR","forex","crypto","2025-04-16 08:22:04.7024","buy","market","1383.87000","446.71779","1.27126","0.32280329","0.00000","","LMM7ID-AO13T-B25ICC,LPKLV6-9EOXX-C7HZ36","T4PKNT-5I6LT-DMO8RC","","","","","","","",""
"TV47LZ-N9UHJ-PKHF33","OGUWYH-36MOT-CG06XR","BTC/EUR","forex","crypto","2025-04-16 09:28:48.4399","buy","limit","73721.60000","315.37732","0.64846","0.00427795","0.00000","","LURMWU-ECPNC-C2KEIV,LLI77J-ZC58C-U47SOC","TZDQ7J-BMJM1-FT07X5","","","","","","","",""
"TBIP18-A4JVK-8C4NAN","OPINXT-XB176-1M3J1H","BTC/EUR","forex","crypto","2025-04-17 13:07:23.1448","buy","limit","74689.80000","350.91733","0.86235","0.00469833","0.00000","","LM3PP0-0CDNZ-Y47QUU,LSFN07-EA28D-ITMOWN","TX23VE-ULJGQ-PQ8R4H","","","","","","","",""
"TJRIG5-XIXGS-PLTI89","O9A44T-BIDSE-CHU3YC","TRUMP/EUR","forex","crypto","2025-04-23 12:16:49.7987","sell","limit","11.71100","103.23585","0.21639","8.81528893","0.00000","","L5FL2M-OXQ9W-FB76AV,L3S2SU-MH3B0-N9CC7I","TSUTP0-4SBRS-PJ4KII","","","","","","","",""
"TPK5LM-FKRIG-7JVDIK","ODTSGV-B6THR-3NK8PQ","SOL/EUR","forex","crypto","2025-04-24 08:52:47.3067","buy","limit","134.21000","25.75275","0.08834","0.19188402","0.00000","","L3KDZ4-PPJ59-0EMC20,LLSJWS-1ZL7P-72L4X5","TBWAEN-7YJF3-0KH584","","","","","","","",""
"TUCNRI-2I397-I6YXV2","OMEOSF-R5HGQ-GP1ZQD","ETH/EUR","forex","crypto","2025-04-24 20:23:05.1558","buy","limit","1556.48000","76.93341","0.18168","0.04942782","0.00000","","L4AGCS-TNPEZ-IKM3MV,LDZC78-6W0P1-Z00V3S","TFAVYQ-LG0K1-IRBSSS","","","","","","","",""
"TS2BKA-WYB03-NO355C","OSZ0A0-T7DVO-342P0K","ADA/EUR","forex","crypto","2025-04-25 07:48:33.8518","buy","limit","0.62862","114.03076","0.23423","181.40000000","0.00000","","LHJXQK-D8UR6-TIARON,LTDI9O-INUXL-39DG5R","TIFWR0-UI1JL-MFLUOA","","","","","","","",""
"TPJNVW-RXGKI-KR2OMR","ODE51K-8LXEQ-LEZZ1R","DOGE/EUR","forex","crypto","2025-04-25 13:45:11.9014","buy","limit","0.16005","43.22986","0.11828","270.10000000","0.00000","","LVYBJH-4OULY-O3PJBR,LHWBQH-5T2D8-VET8AN","T2LM1C-BHT94-OZKFNO","","","","","","","",""
"TS49CD-ZN1F0-FP8BPG","O2R0TO-KPK7Y-SWNXFS","AVAX/EUR","forex","crypto","2025-04-26 14:20:29.4349","buy","market","19.74000","16.84218","0.04631","0.85320043","0.00000","","L28NVQ-HL097-FZRLGQ,L9AZHD-QDWVC-W5MAGK","T6P0N1-7UXHV-DHGUES","","","","","","","",""
"THAIH7-WFRAC-8E3PQK","O1IO1Z-M4LCV-HFWJFP","LINK/EUR","forex","crypto","2025-04-27 15:51:47.8235","buy","market","12.84256","53.01602","0.16742","4.12815038","0.00000","","LR2YUP-MANQY-0HU97N,LG0APS-ALDNJ-7VBJRB","TZJW83-579WR-R513BB","","","","","","","",""
"TCWCDT-9GWA4-4LZ6V7","OS7O4Y-C3S0D-PJHSG0","TRUMP/EUR","forex","crypto","2025-04-29 09:26:53.1052","buy","limit","11.39700","9.35753","0.03066","0.82105208","0.00000","","LLUEQ4-D7D7G-DLWAGA,LWQ57L-Y7500-LNKKUO","T4JH9J-PDMN1-S3YG8V","","","","","","","",""
"TQBVNP-Y1AJK-PQKBE0","OTOGTE-FR6MQ-W7673U","DOT/EUR","forex","crypto","2025-05-01 16:02:07.1665","buy","market","3.69880","56.22176","0.11654","15.20000000","0.00000","","LCNF9W-5N9C7-0PA8JX,L54PEG-JKS4I-2NR1P0","T2JYV6-YJOAO-EJV9LH","","","","","","","",""
"THZS32-D1JQB-EXGFVN","ONVBZW-5APMX-D6LQGA","BTC/EUR","forex","crypto","2025-05-01 18:41:51.8478","sell","limit","85435.60000","3106.46832","9.48492","0.03636035","0.00000","","LVZ0RI-0VROB-7I77DP,LJUVFF-KVZS8-UFX2BD","T2FMOQ-XHGLG-4P0FT1","","","","","","","",""
"TY3Z1D-E1E16-30POCR","O0VHV1-NM3V1-6XEGHP","BTC/EUR","forex","crypto","2025-05-01 19:44:13.6563","sell","market","85435.60000","2197.23703","5.94617","0.02571805","0.00000","","LNGFLY-RJ8GO-SD3M0X,LO3FES-YAXYP-BP0E36","TS2Z48-EGP15-CA8ZJS","","","","","","","",""
"TTRUML-3F4RT-GOOXUC","OR9C0T-K1QQF-VWUO11","DOT/EUR","forex","crypto","2025-05-01 20:40:38.5651","buy","limit","3.69880","76.93504","0.24931","20.80000000","0.00000","","LURI7E-V4DH9-UGF10O,LO1PVL-ND581-LTO4RQ","T3Q7GK-TMQG6-NX9OWW","","","","","","","",""
"TFWY8A-V2OSG-6Q0IQZ","OHECBU-QYPIG-QX2456","BTC/EUR","forex","crypto","2025-05-07 20:01:20.5011","sell","limit","85806.40000","1471.85520","3.12145","0.01715321","0.00000","","LQ8ABY-595CP-JZE1XT,LAR0KO-31NZS-XPEFJ3","T1EGOM-62HDX-C6RIJK","","","","","","","",""
"TSA5UZ-LZUKZ-YF2EV4","OJI4UF-ANS5S-R69XVS","XRP/EUR","forex","crypto","2025-05-09 08:48:08.9574","buy","limit","2.08185","13.53203","0.03265","6.50000000","0.00000","","LN5RGS-G6A8M-LIK22X,LMQ664-42SIH-XODLCT","TT058C-UIJ0Y-XIYQBV","","","","","","","",""
"THI1RD-5B2CR-PRDVVK","OAP6ZP-XVW19-JOJWLR","ADA/EUR","forex","crypto","2025-05-09 11:33:19.5649","buy","limit","0.69091","20.24375","0.06835","29.30000000","0.00000","","L8K5IJ-ULP98-RL9QFC,LPK7PW-TG21H-SLTDKV","TUFF12-4VF89-X22J7Q","","","","","","","",""
"TU1A7B-OXFQJ-3HXJ3A","OPNU02-WPJCF-07V882","UNI/EUR","forex","crypto","2025-05-11 17:28:19.7390","buy","market","6.16700","14.18410","0.04383","2.30000000","0.00000","","LY6RKV-NDXJN-7DE0L1,LOFFKH-DIU1J-TKA1C2","TZL46Q-5GQQL-YZJ0AE","","","","","","","",""
"TAPBS2-2RUW0-U92T24","OD7V91-1PJQ5-0XCXMS","SOL/EUR","forex","crypto","2025-05-16 08:58:32.8084","buy","limit","149.94000","26.46670","0.08595","0.17651526","0.00000","","L6OKWO-ALF4V-1TXH37,L6ZUGF-LDT8B-EMC57X","THF9I7-1A57E-8A54HB","","","","","","","",""
"T6JLT8-YDR3U-ES2FX0","OZKWIJ-0KZQV-S9J6LN","ADA/EUR","forex","crypto","2025-05-20 07:19:30.3379","buy","market","0.66098","105.69086","0.33970","159.90000000","0.00000","","LU7B6N-BHGFB-2FLURM,LW3UQH-WTEK1-7M6J3R","TTXYMS-CNX8E-IQETK5","","","","","","","",""
"TFH70M-9OHDS-RS8ANP","O8DMLC-8XIZX-35A806","SOL/EUR","forex","crypto","2025-05-20 23:58:37.1743","buy","limit","149.38000","46.81363","0.16169","0.31338620","0.00000","","LFIUEF-Z1C25-XNOFG7,L803G5-DFRLW-6JL2L5","TB56BN-VSFA6-D9ER94","","","","","","","",""
"TFY1H0-S2UTB-TTY9GF","OYW4I7-ZT8PH-B8OOSP","ETH/EUR","forex","crypto","2025-05-24 23:11:25.8807","buy","limit","2227.94000","183.85763","0.62683","0.08252360","0.00000","","LQE7AJ-UL7W8-COF313,L8I2XO-G4C8J-6E07FP","TY1AEL-DWQXK-E0QC96","","","","","","","",""
"TPGZ5R-KSD08-5I4RZP","OCD140-6XLYJ-MAZRVH","SOL/EUR","forex","crypto","2025-05-25 15:07:40.8106","buy","market","154.58000","13.21700","0.04305","0.08550268","0.00000","","LXD2ZU-4NS7N-VV28UE,L1MY6P-O0M24-US73W1","TYAUA8-D7204-J3M9IQ","","","","","","","",""
"T012GR-DMT28-LL6DOW","OX1H4R-MPNFG-AGLSXK","BTC/EUR","forex","crypto","2025-05-28 12:13:35.9818","sell","limit","95936.10000","1021.05655","3.01437","0.01064309","0.00000","","LGWCDZ-6X4FM-MEN405,L2W8LI-3IF9A-IZH5P3","TFK84R-PU9GG-SOU6NJ","","","","","","","",""
"TLM8E4-9ITE9-2SRL3V","OZZXT9-QUBWR-P8GUUC","ATOM/EUR","forex","crypto","2025-05-31 18:23:57.6695","buy","limit","3.84310","81.08941","0.19424","21.10000000","0.00000","","LRZCM8-JJ6AV-P1EOXL,LZKI2S-O19V5-8B1V1C","TCOFH9-194B7-0LDOZY","","","","","","","",""
"TQH7PP-CADUV-L911ZS","OB8LV6-TX0TB-KG8B35","ADA/EUR","forex","crypto","2025-06-01 13:18:20.9329","buy","limit","0.60366","107.08893","0.29798","177.40000000","0.00000","","LSGNZ6-D86ZC-HHXA7H,LY7AI3-3993N-4BFIY5","TPU5WH-50JYO-OK63RV","","","","","","","",""
"TMZ5RG-OI9WM-1SAV9C","ONG8TA-NA6U4-8GWGHM","ATOM/EUR","forex","crypto","2025-06-01 17:11:06.3534","buy","limit","3.84780","73.10820","0.16141","19.00000000","0.00000","","LVU6Z5-GF3BB-T873LK,LMGS6R-V9777-TNQETM","TNI3GO-M6736-Z4DSXL","","","","","","","",""
"TCEF2C-TG08Z-ZKK4J1","OO5HD4-HSBRE-BNDYCP","LINK/EUR","forex","crypto","2025-06-02 11:42:44.7076","buy","limit","12.30938","25.18312","0.07934","2.04584791","0.00000","","LPFVB7-1GHLU-8M87MH,LXOFKC-GGXP5-CITUF8","TCYOTW-G7NFD-INU31E","","","","","","","",""
"TQ0YWM-9Q7FT-MFWG89","O5NA2F-QZTIO-4M7PP0","ADA/EUR","forex","crypto","2025-06-04 19:18:43.8272","buy","market","0.58288","150.67526","0.50721","258.50000000","0.00000","","L8QMXE-TIZU8-02NQ52,LNLOQT-Q685O-HM6X7P","T7AHUG-9Y1XU-2FLI01","","","","","","","",""
"TDA5B4-L6HFH-4N6V3R","OZKDU6-FOTWF-TQ9Y69","XRP/EUR","forex","crypto","2025-06-09 08:43:06.3402","buy","limit","2.03225","141.24138","0.41221","69.50000000","0.00000","","L6DB5R-R1V9N-PUQARY,LMMDNG-WY7D7-8HWK22","TM9RWV-9NJS9-6ALGXZ","","","","","","","",""
"TTE9W0-AN6NB-YZM242","OOM7ZT-RJ67D-XLSE33","ETH/EUR","forex","crypto","2025-06-09 21:42:05.2753","sell","limit","2346.10000","1948.45531","4.01515","0.83050821","0.00000","","LIGCUI-DC00M-6CU88W,LLXWCE-77GZD-PYHZNW","TG3ZRZ-Q0V4P-SC9J5U","","","","","","","",""
"TFWVVS-KP30T-X8J1CC","OM0W3C-1ZA0D-V6NYYC","BTC/EUR","forex","crypto","2025-06-11 12:54:20.5299","buy","limit","94410.90000","375.20497","0.79306","0.00397417","0.00000","","L0LM3N-KRT0I-GYO5L2,L8O5QF-0N852-N5FNP3","T6F8HA-RJHRF-34JGVR","","","","","","","",""
"TTBVHU-AZUN6-FHT60K","OUSFHV-MLJEK-BVXSOG","LINK/EUR","forex","crypto","2025-06-13 07:42:45.1682","buy","market","11.64416","124.90593","0.30408","10.72691649","0.00000","","LND7H1-0KYHV-KQXI64,LHAA34-H8NL9-VFRUK9","T4IW54-W487K-NUFBHG","","","","","","","",""
"T8ZVFS-RHR8W-MLWWVT","OMNYEU-RANI8-Y66W6R","XRP/EUR","forex","crypto","2025-06-13 08:22:06.5596","buy","limit","1.86213","68.34017","0.23602","36.70000000","0.00000","","LTULGE-LW8IV-I3RQAS,LD1WCR-V68JQ-12JF4C","TIWL3R-FJL9V-T3X8VE","","","","","","","",""
"TP3AJF-AX1CQ-6FWTV1","ODJJZQ-FE8E5-TNLZTW","DOGE/EUR","forex","crypto","2025-06-13 23:18:15.6306","buy","market","0.15629","86.66314","0.24138","554.50000000","0.00000","","LOL4BK-UU5CZ-ECCFS7,LI19MO-1RTSX-OF33QE","T6JIXU-B4IBH-IF5SL1","","","","","","","",""
"T6KJ75-2H70Y-B7RADI","O5UUJZ-R0FCY-BR3O9U","SOL/EUR","forex","crypto","2025-06-14 07:19:49.1721","buy","limit","125.38000","157.73476","0.38171","1.25805361","0.00000","","LX85ZZ-HJY8G-Y39BU4,LUZ2Z0-KDN3T-N60TLX","TOUN91-FY6YO-8DJE7X","","","","","","","",""
"TVT3F2-F3HYC-PESBDA","O7XFIZ-ME02T-OXOU0Y","XRP/EUR","forex","crypto","2025-06-17 08:21:32.2743","buy","limit","1.88003","236.88378","0.53214","126.00000000","0.00000","","LIXFY1-Z682R-6ZL1KH,LW8GAK-H3YCQ-E8XAVM","TNKW7W-VY9RM-JR211P","","","","","","","",""
"TXQ9NJ-C2GOU-IFEZAC","O2EXVA-5E742-GRRDNW","ETH/EUR","forex","crypto","2025-06-19 12:05:36.9870","buy","limit","2189.29000","480.25583","1.04769","0.21936602","0.00000","","L4CY4F-1R9CF-WOW73O,L1BLOG-0NQ4I-6R8SO5","TWISRC-VPUZ1-1BJKX9","","","","","","","",""
"T81DJD-I3WDN-MVQLTZ","OQWDYV-YBSCG-JU2T0J","DOT/EUR","forex","crypto","2025-06-19 22:01:24.2927","buy","limit","3.08140","82.58152","0.28549","26.80000000","0.00000","","LZR6KF-KLDF4-HRA136,L1BGMY-4IQZ6-DF08UP","TNZASY-WDRKU-PCJ8MO","","","","","","","",""
"TN5YZ7-VXUQD-RMSWJJ","OJKSL6-6UML3-SOJPX1","SOL/EUR","forex","crypto","2025-06-21 16:54:30.3281","buy","market","117.63000","210.13133","0.52336","1.78637535","0.00000","","L2YGYZ-THQSE-0KIVWM,L53NOZ-7QMJC-ENTOC3","TJR7T3-SPJ9W-RDPLFE","","","","","","","",""
"TMAPQP-PMJ6J-FHVSTH","OBNBIZ-FWTJS-JFFP5G","ETH/EUR","forex","crypto","2025-06-22 07:24:36.7708","buy","limit","1937.65000","91.05358","0.27950","0.04699176","0.00000","","LLSIDB-X287G-T76I3H,LZCD3G-EQ10F-7IA41S","TASCEB-FE54U-KIGDIX","","","","","","","",""
"TED0PB-XCE9Z-KIHV17","OMIAV1-G8NTA-FUW93E","DOGE/EUR","forex","crypto","2025-06-22 15:06:35.5033","buy","limit","0.13156","29.12820","0.09527","221.40000000","0.00000","","L4HQFG-HDILU-VNHDCZ,LP0NWN-TJ5R2-SLRW4V","TNZVZN-2HLOI-KIVQA7","","","","","","","",""
"TYOTOS-87MVZ-01SOSR","O2HVNK-VONNL-HAPWF5","DOGE/EUR","forex","crypto","2025-06-22 16:29:33.3291","sell","market","0.13156","80.92483","0.17835","615.10000000","0.00000","","LXKIAI-PRQQ5-QOB867,LKBQNX-PVMSR-75RMG7","TF9FZJ-AHSAO-2QWKBS","","","","","","","",""
"T9F3LZ-0WF1H-WJHBAE","OPG25P-U9H9F-B02H6F","BTC/EUR","forex","crypto","2025-06-23 23:02:42.9085","buy","limit","90920.90000","711.62425","1.88588","0.00782685","0.00000","","LEY3M0-NQ8UT-60WLFY,LZSKV6-IARLS-R0O8K5","TDFI25-I67ZS-OOUKIW","","","","","","","",""
"TFRB7E-I5R8V-O4KVFF","OLNCC2-ATRD8-3X9AGE","LINK/EUR","forex","crypto","2025-06-25 20:25:52.7009","buy","market","11.25711","88.39600","0.29471","7.85245973","0.00000","","LY7ZXD-FLD9C-BA7263,LRJK4C-WEQ4F-1SRIKO","TMFRQ8-LX3P7-24XHQZ","","","","","","","",""
"T0KLLI-RO7YY-0KZ6XN","OOMB42-O3Q82-5Q30ZX","BTC/EUR","forex","crypto","2025-06-30 10:28:08.4014","buy","limit","90961.90000","578.39307","1.25892","0.00635863","0.00000","","LA28OR-9F5IV-86ZP1W,LZ2NAR-3SHLX-0ST69W","TWP82Q-ZTT1B-LOW2R5","","","","","","","",""
"TMSYG9-1MMO1-DS3HGW","O10C9I-X6R1N-XHBQAM","ADA/EUR","forex","crypto","2025-07-02 09:04:10.7103","buy","limit","0.49494","109.92617","0.37005","222.10000000","0.00000","","LXO485-D4VUE-ER90MW,LB4LL3-K4BK8-EJNFMO","TCTCLK-A9LZ5-7V4NDJ","","","","","","","",""
"TQKXBI-6JJTB-8QOP82","OJ3TPS-82XLV-B9HXKE","XRP/EUR","forex","crypto","2025-07-02 17:53:37.4847","buy","limit","1.89297","99.19163","0.23275","52.40000000","0.00000","","L7O0GX-APLIR-D70GKJ,LFP0N1-K9YXC-FE78C1","T1JG1M-S4TSR-W2MDG3","","","","","","","",""
"TL116C-Z75T6-XDO7L5","ODL0ED-8A6B3-ODF76I","ETH/EUR","forex","crypto","2025-07-03 09:14:03.6473","buy","limit","2203.04000","72.16901","0.20674","0.03275883","0.00000","","LGXU5W-AHZG8-5S9ASJ,L21GTC-HYGTM-OV6KI4","TEPXR9-OGJEG-XEYEB9","","","","","","","",""
"TXZ3AD-HF025-LOXYPH","OWHM54-XR8PJ-PF240S","DOGE/EUR","forex","crypto","2025-07-04 13:17:07.4339","sell","limit","0.13846","27.98370","0.07254","202.10000000","0.00000","","LO5FKP-A2TVM-XQYJRO,LFH6AI-RH8S7-DZSYJX","T20AU5-IK31Y-UW2TGR","","","","","","","",""
"TRG0ZP-ZJHO4-VUDQHI","OBMQIM-I8ACU-EOBQT0","ADA/EUR","forex","crypto","2025-07-06 20:36:21.2681","sell","limit","0.49696","138.85174","0.34589","279.40000000","0.00000","","LY9PE0-HDJ7O-9X66D7,LWDJV0-7IRJG-107R92","T5DSIU-AZ71U-F09UYG","","","","","","","",""
"TQXIEE-6HW5K-YFC6RA","ONTY6D-1HFDI-3JSTY8","UNI/EUR","forex","crypto","2025-07-08 13:12:08.6407","buy","limit","6.53400","20.25540","0.04646","3.10000000","0.00000","","L5F9TU-8PV2K-JH01AO,LNT75E-Z6IZ8-ER6U0E","TSTIE6-SV5IT-MTJLEG","","","","","","","",""
"TSWCZT-0LFJ4-B121Y5","O0DF0W-CYR2P-6XCW8A","SOL/EUR","forex","crypto","2025-07-12 14:44:40.3453","buy","limit","136.68000","171.63275","0.37923","1.25572688","0.00000","","L9LY2S-KKFTF-YTKS1F,L3KWBN-BPAVA-JIMMNS","TTOUIF-JILXN-32NBZW","","","","","","","",""
"T2KGA9-9UF1Z-WW1UN2","OKTVV0-Y9Q6K-TNN8IL","BTC/EUR","forex","crypto","2025-07-14 08:32:23.2686","buy","limit","102610.80000","78.86256","0.22937","0.00076856","0.00000","","LK15U2-486D4-3I21PU,L8BWAU-FXQP6-XGHU9I","TVLX6X-6SXUA-3KAMOX","","","","","","","",""
"TBYC4I-6H1M3-JLZOHF","ODDVSZ-2TVHV-WHHOLI","ETH/EUR","forex","crypto","2025-07-14 08:43:44.7662","sell","limit","2581.09000","2139.10283","5.77242","0.82875949","0.00000","","L4087W-S1LOQ-SOT56A,LG39BD-2EEV7-INRZJK","T9E0OA-WHN2E-CLCES1","","","","","","","",""
"T1284S-EC275-JT660J","O08XTR-5IGZG-XOIYFO","BTC/EUR","forex","crypto","2025-07-14 21:39:22.5835","sell","limit","102610.80000","1084.26472","3.14779","0.01056677","0.00000","","L0SXYL-KA51E-04PD8J,LQBO8W-F8NK5-G2ZNTG","TG50YQ-L25S8-T6AIDI","","","","","","","",""
"TV1OG0-7VSCQ-MPD7Z4","OKSO03-W2MRO-P2BYEE","ETH/EUR","forex","crypto","2025-07-14 23:30:21.1294","sell","limit","2581.09000","572.13442","1.34281","0.22166388","0.00000","","L775B5-NOV31-NYC7H8,L1JMBP-TPDWR-1XFHSJ","T0BI6A-TQGKR-YT6EBI","","","","","","","",""
"TTFXDT-UMW7H-U3D351","O3LM7E-41OFV-14J643","BTC/EUR","forex","crypto","2025-07-17 11:25:37.3690","buy","limit","102549.60000","64.31193","0.13151","0.00062713","0.00000","","LRIA4P-O5CB4-1SCY3M,L84BCT-WKKV4-LQ15S5","T8XWBN-WJ6PV-OC7501","","","","","","","",""
"T03779-U7C1A-7YJ8HQ","ODE7M7-H6OQ7-QH96YC","SOL/EUR","forex","crypto","2025-07-18 09:47:55.3676","buy","market","152.56000","18.52963","0.05250","0.12145801","0.00000","","LAE1IS-YERUM-EHCYKJ,LB85LF-OS9DJ-9IHJDQ","TDFQ2Y-GGAFD-R3TGWJ","","","","","","","",""
"TIP35T-54GYL-BI18A2","OVZPY9-QZO7I-O2F2NA","SOL/EUR","forex","crypto","2025-07-20 22:50:46.9857","sell","market","156.05000","920.34749","2.85475","5.89777307","0.00000","","LFXGIM-YDO5N-1TQDJU,L0S1G9-EU818-UTYIWT","T258E7-428YI-4PZZJ8","","","","","","","",""
"TXKQTQ-36ZPM-G6OOH1","OXAWJ2-8CW9R-TNFW6S","LINK/EUR","forex","crypto","2025-07-22 23:35:40.3521","buy","limit","16.75132","14.72809","0.04570","0.87921987","0.00000","","L4ESH9-BXLSO-GWIBJB,L6M9NW-YUBEK-T2MNJ7","TOVHM3-KWWET-UJO55H","","","","","","","",""
"TG107G-8O8G8-HZMVYD","O47DZN-AXS88-UALRY3","TRUMP/EUR","forex","crypto","2025-07-24 12:16:05.4673","buy","limit","8.47500","94.43559","0.23706","11.14284211","0.00000","","LALW56-3C36V-FH3MI2,LDNODK-D3HHG-WHP08D","T2QLAW-8F52K-1D1GNT","","","","","","","",""
"TJE4S4-MFEL3-3PCL1S","O2QPKG-RMM0Y-TMV82L","BTC/EUR","forex","crypto","2025-07-27 11:48:30.5719","buy","limit","101575.80000","71.44334","0.20773","0.00070335","0.00000","","LGE868-3PLE4-5B2NIX,LI8E55-325CA-MBHWTG","TDK4SN-V9RR4-9HQWP8","","","","","","","",""
"TH8S2G-T30GC-HF4AKD","ONADIJ-FZQAF-QSDQ26","LINK/EUR","forex","crypto","2025-07-27 12:58:23.8865","buy","limit","16.36860","11.81631","0.03863","0.72188897","0.00000","","LQJ9UJ-EFUBF-D340NX,LIDB5Z-8XGQH-PZHUUG","T4BGF8-6HOGD-PL4CKT","","","","","","","",""
"TL7JE0-Q0RFO-IAL5U8","ORZE6V-4UAUP-FLYV16","BTC/EUR","forex","crypto","2025-07-29 14:50:36.2843","sell","limit","102088.40000","712.00636","2.12176","0.00697441","0.00000","","LHZ3E8-8SEBY-8EN00B,LGBB1R-3YQS5-PYYZ5Y","TMIT72-723BA-9INCU2","","","","","","","",""
"T2HYVE-ZRAD8-EJPMLN","OL7HA7-52A97-PNFIRC","SOL/EUR","forex","crypto","2025-07-30 09:51:47.2007","buy","limit","155.47000","86.24568","0.22172","0.55474164","0.00000","","LPZDPV-OE4T8-DL8F5W,LAZ5BC-AN68U-1QP2WN","TV2MK4-8J4E3-QABCE2","","","","","","","",""
"TAFU20-VMAKR-X0GWHA","OOQHVD-8FBFF-HEYZQQ","ETH/EUR","forex","crypto","2025-07-30 12:13:55.3287","sell","limit","3331.21000","373.12947","1.21371","0.11201019","0.00000","","LBV0DE-OEGEZ-Q0X717,LHW0BU-PMTXQ-531D1K","TDK2YW-FMAX9-FKE4VZ","","","","","","","",""
"TQJ7RP-BAD0N-DV5DMC","ODSODB-ZL83K-88RHOE","BTC/EUR","forex","crypto","2025-08-01 20:35:14.4220","sell","limit","97840.10000","66.74945","0.22476","0.00068223","0.00000","","LAUGTT-MPPJB-EAHY5H,LO37PJ-PO3CV-S3ZRB9","TOPLLV-12BVX-EJAXVT","","","","","","","",""
"TI9C2B-VS3K3-37OV9W","OXHVY3-NUKON-DHKBRJ","ADA/EUR","forex","crypto","2025-08-02 15:36:00.4822","sell","limit","0.60222","119.66092","0.37525","198.70000000","0.00000","","L31PHY-SVKUE-V3C3J5,L48FHB-Q64DO-4XXWXJ","T46T9D-NZWSS-9V66DQ","","","","","","","",""
"TFPFMN-F7UIW-JTA882","OJOZIB-P9OF9-SVCA3D","ADA/EUR","forex","crypto","2025-08-03 07:17:28.2210","buy","limit","0.62740","46.49034","0.13565","74.10000000","0.00000","","LH3V10-M1V39-5ZDHZ6,LM9BJU-DL3AF-6KKFED","TLBGKB-UOC1R-601EJT","","","","","","","",""
"T34876-KE1Q5-MS7UPS","OPAG3J-BRRD4-4NDVDX","BTC/EUR","forex","crypto","2025-08-03 16:59:42.2376","buy","limit","98640.20000","305.75108","0.89858","0.00309966","0.00000","","L7SR3J-FYUSQ-1U97RW,LJVIE6-DUEPR-TIRY3T","TI0M2Q-22YOK-BVPX4N","","","","","","","",""
"T3FJPO-4DILG-ONJPXW","O6ZUZT-LSUY5-LV92BE","DOGE/EUR","forex","crypto","2025-08-06 07:55:25.3208","buy","market","0.17609","17.71450","0.04981","100.60000000","0.00000","","L0YCYR-NZNZM-CCYC3T,L13HLO-ZESJN-CRBVXK","TETUGK-NN520-UPRB2J","","","","","","","",""
"TM6U2L-LH22B-E4N252","O4GPZB-OMVIB-ZYFGGK","BTC/EUR","forex","crypto","2025-08-06 18:31:48.8404","buy","market","98644.80000","471.18478","1.16483","0.00477658","0.00000","","LP5YRO-1WODG-ZDN9S8,LTSNC1-9ARSO-Z9E5GV","T7P2A2-Q9OJF-3C07BT","","","","","","","",""
"TQM3G9-8GEYZ-ILJ29J","OB8JXK-Q054C-FG79KT","ETH/EUR","forex","crypto","2025-08-09 19:55:48.9048","buy","limit","3644.97000","29.58021","0.07824","0.00811535","0.00000","","LYW3DP-11IKX-0RB5TN,LGCRZX-C4VNI-BLWBV2","TIZSFW-I45A4-520SZO","","","","","","","",""
"TJ78JP-3HTNC-VHZTAY","O12YIV-FQSX5-02UPVS","XRP/EUR","forex","crypto","2025-08-09 20:22:11.3539","sell","limit","2.76060","1026.39108","2.15587","371.80000000","0.00000","","L51VL9-RZ4D4-YJI359,LT8ZGE-HUIQS-I2FEXT","TB7F5H-G57ZU-HFBEGG","","","","","","","",""
"T6SWYU-2RNAD-KN2K7I","OT7XXD-SBRP1-4XHL5V","BTC/EUR","forex","crypto","2025-08-10 20:24:07.2600","sell","limit","102222.10000","1045.24346","2.69559","0.01022522","0.00000","","LBH1A4-OGN37-8VPCAY,LP9YPD-AX6KD-D49IK3","TTDW7V-1QSA1-1PTKFT","","","","","","","",""
"T7BWHZ-MJBG3-K59S7V","O55KCR-X6SFJ-QD9C7T","DOT/EUR","forex","crypto","2025-08-15 07:45:36.7113","buy","limit","3.32220","87.70608","0.22372","26.40000000","0.00000","","LAC27X-1CENA-GQ39XL,LP0BN8-5P3EB-Q3VYAR","T63X5U-LZZIX-2SOTH4","","","","","","","",""
"TTUSWE-TYX2C-B2PN4U","O6AVE7-E51M4-WU3GA9","ADA/EUR","forex","crypto","2025-08-15 21:50:00.1095","sell","limit","0.80548","513.17003","1.32532","637.10000000","0.00000","","L19U77-2NS8E-RKD0RN,LGCT2X-FDZOE-JFVRSC","TBZ95Z-N6DTY-N4BPSA","","","","","","","",""
"T82SFR-23C60-CJBMUV","OHGQK8-20PS5-I5FTOJ","SOL/EUR","forex","crypto","2025-08-17 10:26:53.9940","sell","limit","163.24000","453.84547","1.55888","2.78023447","0.00000","","LP0QVH-ZJKTH-KG2N96,L8K6TL-B37ZO-QMC8FU","T0AB76-LBWLA-9DI89Q","","","","","","","",""
"TZQOYG-WOW7L-7J7Y96","OYG626-M8A41-ZBLM57","XRP/EUR","forex","crypto","2025-08-19 07:09:21.6685","buy","limit","2.45737","35.14039","0.12227","14.30000000","0.00000","","L8XYJW-WBK8R-1Z4QT7,LZVNBI-1CAO8-W81AYU","TAM75P-SZ1CT-W689MW","","","","","","","",""
"TFNCC8-UUXOP-63CTZR","OBZIRJ-YZ8XU-KU8NIA","TRUMP/EUR","forex","crypto","2025-08-22 14:58:23.9040","buy","limit","7.64200","72.27155","0.18206","9.45715162","0.00000","","LQ14MA-FMAR9-LEOKQJ,LUWXU2-HHLDA-2UX64B","TIW8UO-JA5EN-P2WA6M","","","","","","","",""
"TDVVPG-B8IY5-25FNSC","OQQAVA-QDMFZ-TGP8D2","XRP/EUR","forex","crypto","2025-08-23 21:20:54.3800","buy","limit","2.58476","160.25512","0.45574","62.00000000","0.00000","","LC6SEU-RANDD-EPTLT0,L5UQ9G-YNSZ1-17R1Z4","TC9VF6-RGSL5-5X9E0R","","","","","","","",""
"TE8CDK-9X074-0C98UZ","OZY00E-W9JZF-4EPM7Z","BTC/EUR","forex","crypto","2025-08-25 11:40:59.2691","buy","limit","94854.40000","549.93546","1.60722","0.00579768","0.00000","","LIZB1E-DMBJH-Y3M2I3,LQM6DT-ECAFV-O5Y0QN","TV4F0T-E2J40-3CNFU2","","","","","","","",""
"TONZNQ-06UJL-QV62J1","O6W8MI-NQ4O7-VS8CHK","ATOM/EUR","forex","crypto","2025-08-26 18:54:42.2295","sell","market","3.89300","42.04440","0.08898","10.80000000","0.00000","","LGKAZA-L4W7S-3GOF2N,LNKQE7-A5JI1-VEGE3B","TYJTH2-FOE15-H3QOXQ","","","","","","","",""
"T8P8O8-5BIOF-U2NCU2","O2KB8O-HL1ZU-MKVGG4","ETH/EUR","forex","crypto","2025-08-26 19:35:56.7313","buy","limit","3954.62000","20.39176","0.04249","0.00515644","0.00000","","LE5EKF-HOE3M-XZJFY4,LW8TR9-8W07F-IL3DVY","TJHMIE-8989G-NCTIJH","","","","","","","",""
"T7FENT-D7KFN-8K6P62","OJ4XYB-RXFX3-AT253I","BTC/EUR","forex","crypto","2025-08-27 10:31:33.8286","buy","limit","95526.70000","650.92275","1.31949","0.00681404","0.00000","","LQEPYO-HAKC3-7WMFPT,LA7LS9-B7RY0-CGQ4HP","TVIU21-HO3YR-FBENMZ","","","","","","","",""
"T2MZ8M-6XHIG-X1PZGS","OVANRY-632II-PS8QDB","ADA/EUR","forex","crypto","2025-08-30 12:36:46.8522","buy","market","0.70417","37.60268","0.11586","53.40000000","0.00000","","LBGV2E-SF4ND-RFDX89,LI8YWG-D4X4P-ZJ42RL","T1EH8H-YF87S-W1K9M9","","","","","","","",""
"TON3W9-HX6I6-2R2CXT","OJYRDI-RL481-XLAXHN","UNI/EUR","forex","crypto","2025-08-31 12:11:46.7574","buy","limit","8.23400","47.75720","0.15395","5.80000000","0.00000","","LXSKOU-ZXNLJ-RNJCGW,LCD9JC-1YLJU-YUN9VQ","TR2C23-AG9XC-5REXFC","","","","","","","",""
"TIHZVZ-GMFFO-HK94W6","OWUUMO-7OPKL-J670LJ","BTC/EUR","forex","crypto","2025-09-06 18:08:36.2195","buy","market","94123.90000","464.27555","1.00509","0.00493260","0.00000","","L2KEUV-IV48J-UKUJOA,L14ZGI-VSE00-HU3X5U","T7DF89-1QCG4-1RK4MK","","","","","","","",""
"TOUSHF-RRCV1-EXYB8Z","O8TRTM-477Y6-ZLED1L","ETH/EUR","forex","crypto","2025-09-06 19:29:34.4086","buy","market","3649.98000","235.49342","0.62288","0.06451910","0.00000","","LBS0UM-IFFVM-AM3JKX,L2KABF-8QLT1-RKQQL7","TPH6P9-JLAIL-HHVNJP","","","","","","","",""
"TBAKU4-NC0IB-A65D2H","O5LOMZ-OLMYQ-A78CUH","AVAX/EUR","forex","crypto","2025-09-07 11:54:49.2126","buy","limit","21.10000","49.64352","0.13448","2.35277356","0.00000","","LJMKJL-NDITN-5KG3FY,LE4HQG-OXAIQ-USY2O3","T3B29X-Z6UK1-8F2DXR","","","","","","","",""
"TCI248-F3VKO-G1011H","OE9WIE-EO9H5-IHJQCY","TRUMP/EUR","forex","crypto","2025-09-08 08:19:13.8008","buy","limit","7.30800","63.91070","0.14588","8.74530678","0.00000","","L2N3PP-1VM3I-0GXHC6,L60UJR-IHZ8E-EKC8U0","T91DZ8-XEBNP-5O3XT0","","","","","","","",""
"TOW37G-JNXI5-P2QFS7","OGLB82-MOTZ6-0FIIGU","BTC/EUR","forex","crypto","2025-09-09 22:20:52.2250","buy","limit","95291.40000","327.66901","0.96796","0.00343860","0.00000","","L2DD9E-QSIMY-O7WY66,LQB3KB-WIFD8-WZGL51","TRGFRN-JHQFM-KFNNL3","","","","","","","",""
"THKK54-K4RV7-AQ2ANY","O1YC1L-2QJZG-PXF50O","DOT/EUR","forex","crypto","2025-09-10 07:44:34.5391","buy","limit","3.60050","23.40325","0.07871","6.50000000","0.00000","","LG7R2F-MFP5M-D3EXU7,LFKC78-1HFL1-ZOPQZF","TO30X8-BNMJS-XTDHDX","","","","","","","",""
"TD32NK-X5ZT5-TT9KA1","ODLUCL-LE4A2-G76RWR","DOT/EUR","forex","crypto","2025-09-10 09:11:54.6139","buy","limit","3.60050","19.80275","0.04427","5.50000000","0.00000","","LS18WK-501EP-EKGVZP,LFCGLC-KWT2E-077U55","TD5Q3O-V9JYD-FZDTC5","","","","","","","",""
"T70TGO-5AWLG-ITIZ7T","OFP3G2-1CQTP-3174GU","SOL/EUR","forex","crypto","2025-09-11 07:03:00.4388","sell","limit","194.96000","466.64277","1.45485","2.39353081","0.00000","","L5S6Y5-H3O0S-W58611,LGQIT8-D9GX2-HIVDTS","T8MG00-CRZ17-A8RNXP","","","","","","","",""
"TX8U73-NKBF2-E6WPRL","OPG7GV-LHWXP-BRRNTY","ETH/EUR","forex","crypto","2025-09-12 08:25:30.6335","sell","limit","4013.93000","748.97445","1.64571","0.18659380","0.00000","","LNIPG4-3TLRC-ELMDZ5,LVAIEG-D572I-2F8RPJ","TX0WUZ-LLGYG-4F4DES","","","","","","","",""
"TXSOA8-E5BO8-BOT6AT","OJ4MDH-UTT52-LK3TW0","SOL/EUR","forex","crypto","2025-09-12 16:20:00.5291","sell","limit","206.30000","215.55291","0.44014","1.04485172","0.00000","","L40DM9-IF826-BHYZ1O,LV5VXA-8MKU1-GPT49P","TUSRZA-EQOXB-E1P5EI","","","","","","","",""
"TICEV8-E7ZMV-UTIYMR","O0AZ0Z-NZ3T1-WM3EQL","LINK/EUR","forex","crypto","2025-09-12 23:06:54.9310","buy","limit","21.40884","12.33867","0.03643","0.57633548","0.00000","","LV6FLV-YWAPK-E5AJR1,LOV9CP-WRUTV-LYJMWU","TOCS22-4EQKQ-7MOU3D","","","","","","","",""
"TNVJQJ-INH1K-504K34","OEUZ9Q-J4VBI-SBHTP5","XRP/EUR","forex","crypto","2025-09-15 17:58:03.2124","buy","limit","2.54777","30.82802","0.06473","12.10000000","0.00000","","LYIX79-PBRTG-6C2RRA,L3PLCG-QLLX7-0R3SDU","TDPRK5-R0PNF-3VCLHO","","","","","","","",""
"TBVVBB-BVMIA-63YMDD","OVXKKX-O0SSW-74WQNG","DOT/EUR","forex","crypto","2025-09-15 20:16:57.7077","buy","limit","3.52980","40.59270","0.10408","11.50000000","0.00000","","L36LZM-S804B-FPV0V6,L443KT-X6QCA-LUK873","T22HR5-SOSC0-WHS14E","","","","","","","",""
"TU5A2X-54U44-QUNF57","OVH2D3-LS11Q-01YHYA","BTC/EUR","forex","crypto","2025-09-17 09:17:58.2991","buy","limit","98480.60000","336.09656","1.16920","0.00341282","0.00000","","LEIVA8-T49LX-LE0BCT,L324ZB-L5KZH-CMZ2RN","TO6CYS-VUHIW-ZWT994","","","","","","","",""
"T43IRG-M5DKO-YBESIR","OQ4TP1-NA6KS-NJCZOB","XRP/EUR","forex","crypto","2025-09-17 14:05:41.2717","sell","limit","2.60801","385.98548","0.94097","148.00000000","0.00000","","LWZ8L6-M5WK3-BNEGUA,LRHJRH-E45JJ-JE1ILH","TAO2PO-Z4XV8-7UGT47","","","","","","","",""
"T31T6E-RQ5A8-389214","O311BK-HSSCR-TP08II","ADA/EUR","forex","crypto","2025-09-18 18:07:54.7630","sell","limit","0.78473","277.24652","0.68753","353.30000000","0.00000","","LKRAJI-AA67M-SWPATO,LM287C-45IDB-XQEJKA","TZRVZD-HJ9IT-CWZL87","","","","","","","",""
"T47EMD-OFG6J-C86XAJ","O0Q45N-AYPWL-IEOXVK","ETH/EUR","forex","crypto","2025-09-19 14:48:19.1394","buy","limit","3808.49000","53.98634","0.18720","0.01417526","0.00000","","L8YJMY-VMNED-YL7U4G,LP59Z0-25JU2-6SPHNC","TASLJS-I3UDU-URWUDK","","","","","","","",""
"T95UHG-CRKFK-J6XHPD","O3BGNP-YHRFO-ZG7FBV","BTC/EUR","forex","crypto","2025-09-19 22:09:47.4873","buy","market","98556.10000","308.47369","0.83239","0.00312993","0.00000","","LO2ZCM-OTBMR-LCRE8U,LA2HQG-2XGDH-3U0RCO","TFE2J5-ZKOER-UT9C4Q","","","","","","","",""
"T429KJ-PQ8SE-UTLPF4","OG9H0Y-05ML5-1AATN2","BTC/EUR","forex","crypto","2025-09-21 13:25:38.7607","buy","limit","98415.60000","389.52993","1.22551","0.00395801","0.00000","","LQVWAS-1UDJO-AU4DU0,LFIYHQ-3Y8UQ-ZBA2MT","T4C46P-9NBAV-4VJHP6","","","","","","","",""
"TYLFU2-FAW2X-CH1JOQ","ONUVK6-JOPZD-TJXAF1","AVAX/EUR","forex","crypto","2025-09-23 09:20:05.2500","buy","limit","28.48000","11.15475","0.02392","0.39166949","0.00000","","LYFEIQ-7KA8O-BM5RY6,LQ2M8O-F7MQA-DW9UFZ","TDEPCG-WLUK5-O5CVHJ","","","","","","","",""
"TB00G9-E07PM-EXJTNR","OP1I36-61L08-KGFP94","SOL/EUR","forex","crypto","2025-09-23 23:09:29.5912","sell","limit","180.70000","34.82026","0.09897","0.19269653","0.00000","","LN8DDI-NZ298-L4JM8C,L9TFLD-Y3YGQ-AOP377","T284JC-755OT-S42KQC","","","","","","","",""
"T3KU99-ELJHB-051T8F","OMW4V1-FJ2AO-Y2XDEY","BTC/EUR","forex","crypto","2025-09-26 08:26:59.9078","buy","limit","93833.80000","618.50737","1.57250","0.00659152","0.00000","","L1TCFI-4PLMV-K5SGCS,LVPAOJ-1MDDB-D3NH0C","T0IBZB-W8P3I-FZXSBC","","","","","","","",""
"TC3BAK-73I1R-D31TB0","O515F9-MZ99Z-JUK9QS","BTC/EUR","forex","crypto","2025-09-26 21:35:52.6974","buy","limit","93833.80000","665.11649","1.43502","0.00708824","0.00000","","L7WC8M-MFERF-T5P0Q2,LVCIEO-PTS2Q-4EHV1W","TNR1TR-4B5UD-6GKA0T","","","","","","","",""
"TYK2E5-8F3OB-9V1T4J","OXA2YM-PYI46-N05FL0","ATOM/EUR","forex","crypto","2025-09-28 07:10:41.7661","buy","limit","3.57680","128.76480","0.35420","36.00000000","0.00000","","L63NA7-HN98X-16F4ZZ,LW5UK4-SHA60-V33LIF","TNCRN3-TNKZI-Y75ITD","","","","","","","",""
"T7HT7R-YME6P-SRB6Y2","OS79VI-CMNIA-2Y7VFH","XRP/EUR","forex","crypto","2025-10-01 22:04:55.7850","buy","limit","2.51267","69.09842","0.15964","27.50000000","0.00000","","L08L4P-JAGXL-Q0S5RM,LJPCZA-3SFGH-O4QHCG","T7FD14-3XRV8-DF2F5N","","","","","","","",""
"TR3VP8-LIM06-ETCQR3","OEV1RD-NF4X1-3QINF2","ETH/EUR","forex","crypto","2025-10-01 22:26:16.8129","sell","limit","3706.29000","32.88977","0.10333","0.00887404","0.00000","","L14NK1-QBCDQ-CSENJX,LTXIXC-DL9T1-5KCK4Z","TYNFGJ-1YOFQ-T49QPE","","","","","","","",""
"T748AV-3G609-92A96G","OORCPA-CQ5AH-9OG5BM","ETH/EUR","forex","crypto","2025-10-04 14:02:23.1176","buy","limit","3813.66000","183.64668","0.52627","0.04815497","0.00000","","L7KHG4-G7NIE-3FKP96,LAIU01-LC5WW-9LZHVE","TZ9RTD-6ENMB-9UPEPP","","","","","","","",""
"TMHRWW-NQA4P-3PRNO5","OGTX7U-4GBGC-N3K3WK","SOL/EUR","forex","crypto","2025-10-05 12:35:41.9883","buy","limit","194.51000","169.21099","0.45356","0.86993466","0.00000","","LUBI6M-GHAGM-B362M9,LE5IML-Z6IOS-TUZHG1","TGF4OF-PATM0-TXE321","","","","","","","",""
"TGC4XA-IC0DH-NHWEKQ","ODVNAB-87FRB-OO703B","SOL/EUR","forex","crypto","2025-10-07 08:37:23.8142","sell","market","188.81000","49.03479","0.16367","0.25970443","0.00000","","L5OHS7-AUIGJ-D3X4YH,L5HOA7-WKDPE-HDM6K6","THGQ6S-RP7B4-HJKWBJ","","","","","","","",""
"TKTRPW-3HHIG-VUMMWC","OMZX8J-5MS20-T3T9LP","ETH/EUR","forex","crypto","2025-10-07 10:37:11.8828","buy","limit","3817.66000","215.60552","0.65773","0.05647583","0.00000","","LE2ASO-EVGKH-250CVG,LFGM1T-M27O1-9QTG15","TXD82I-JKUV2-VXO3PE","","","","","","","",""
"TL5VEC-F8OCQ-VKCAG1","OJDHQW-2VGQZ-DN0EP8","BTC/EUR","forex","crypto","2025-10-07 17:48:38.8757","sell","market","104184.30000","2719.98849","7.25284","0.02610747","0.00000","","LLYS7J-D6Z6P-Q1AUF0,LTJ5JG-ZCY4M-LJZFUD","TI4SP7-QFQ9N-04FDTZ","","","","","","","",""
"TAD4WU-GZBGU-QJJ1GJ","OPMH3U-Q1AMK-T0N1PU","SOL/EUR","forex","crypto","2025-10-08 10:32:35.5601","buy","market","196.98000","107.84176","0.35453","0.54747567","0.00000","","LYGS0J-X9AMS-M5R7GO,LKLVA2-UHTJP-K4W0KQ","T8SJQO-NTQX4-5JOQYN","","","","","","","",""
"T5DNSV-BCQ7G-4ASMZX","O4NKIO-5B6II-JPSHOX","ETH/EUR","forex","crypto","2025-10-11 09:23:42.4456","buy","limit","3270.44000","503.81583","1.68879","0.15405139","0.00000","","LAOZ5E-7GGO4-6X1W1Q,LXPH1Y-3BQHO-K3ZY5S","TRO0L9-LAYKE-3ZCXU1","","","","","","","",""
"TH41OF-7Y5R7-UG44C9","O37RUP-L5H2Q-Q6AP3V","DOGE/EUR","forex","crypto","2025-10-11 21:01:26.3811","buy","market","0.16182","127.51495","0.38563","788.00000000","0.00000","","LOKBZV-YX9D1-8K9VAK,L1VPAN-GW3PA-JVF9I6","T0K23Z-2Y3C0-EQ4AW8","","","","","","","",""
"TDXJ17-X6XDA-71EBVF","OWB5HS-TS68C-FFF8TX","ETH/EUR","forex","crypto","2025-10-12 23:37:55.5849","buy","limit","3586.70000","256.89628","0.64625","0.07162469","0.00000","","L34L8X-AFSUM-UXQJCT,LPVEV6-4GROA-BEAWQW","T29PY5-KH2NX-XMS3RA","","","","","","","",""
"THVV7F-INATJ-Q37CVX","OQE1IL-46LMI-1J1Z32","BTC/EUR","forex","crypto","2025-10-14 11:19:10.5561","sell","limit","97570.70000","352.41366","1.13328","0.00361188","0.00000","","LY853J-5SFMZ-QRSJZO,L98IBO-Q18OV-EUUR65","T6EBJV-NFOWA-PCQ7VG","","","","","","","",""
"TH105O-SZQG6-PKISB8","O363DH-TG1D9-OB6KB9","TRUMP/EUR","forex","crypto","2025-10-15 11:37:58.8641","buy","limit","5.20900","118.61797","0.34221","22.77173544","0.00000","","L7FW0C-20X45-0UHEH3,LRFWTE-VTX3N-F27E6L","T8XCGM-IURPV-2WJ6O6","","","","","","","",""
"TOEARN-WAWO7-PLR1X0","O8K4L2-LJZL8-XRW4DB","ADA/EUR","forex","crypto","2025-10-16 08:41:54.9031","buy","limit","0.55165","183.86395","0.51809","333.30000000","0.00000","","LRXC9M-IDUX8-FMW4VC,LHRHBK-GK9JQ-TAJPP8","TOEI97-5YQL1-V2W9Y4","","","","","","","",""
"T9ZVWT-0Y5KI-DY63ND","OTTUM2-IXEXB-92YFAI","BTC/EUR","forex","crypto","2025-10-17 08:38:10.8706","buy","limit","91459.20000","872.66436","2.47626","0.00954157","0.00000","","LYR8NK-RZ25Y-YEXHPC,LOCWMI-J5RNO-5GL1NA","TIA0CT-AN36A-6SB7BI","","","","","","","",""
"TCMGJV-C2SMT-C0D6QJ","O2ONVE-OX3AK-V62ZLL","SOL/EUR","forex","crypto","2025-10-17 12:55:34.9840","buy","limit","156.35000","261.66218","0.90052","1.67356685","0.00000","","LJA1V2-TG2AH-N110BS,L6TO8W-YAQTF-LVM8NY","TZHHIZ-EBG9K-4SSB1P","","","","","","","",""
"TXP4WV-AHBEF-2IBNAJ","OFH71U-ZN4U3-8BWTB5","SOL/EUR","forex","crypto","2025-10-22 08:08:46.8593","buy","limit","155.19000","177.45620","0.35714","1.14347703","0.00000","","LM3RKL-39VEL-08KKLS,LEAUZV-MMH54-1OO5VY","TFRRLO-A8O34-LPQK5F","","","","","","","",""
"TSANHA-PYWDR-DPMPCE","OJCILP-JZ80N-D3Y9QB","SOL/EUR","forex","crypto","2025-10-26 18:51:04.8540","buy","limit","171.95000","112.31258","0.24671","0.65317000","0.00000","","LE7CXS-UO874-OHL5TH,LLVJYQ-TAYBG-I0RR0T","TIAXUF-VPIG3-YVR2EU","","","","","","","",""
"T0ERAX-P2NGQ-EUA73A","OBZGS9-W2752-80KQLR","ATOM/EUR","forex","crypto","2025-10-27 08:40:30.4422","buy","limit","2.72700","101.71710","0.21637","37.30000000","0.00000","","LD79ZU-RUTK9-2J6SB0,L53AKZ-XFP5K-E09JNE","TFTZ53-C5DWU-MJACYP","","","","","","","",""
"T376QW-VGFRI-7FZ5XB","OIGUJ9-CWI2S-KHKXVS","TRUMP/EUR","forex","crypto","2025-10-27 11:20:15.1148","buy","limit","6.11900","42.20301","0.09618","6.89704333","0.00000","","L2R35L-JM6C7-LUVCTH,LBZOKI-YG190-FEQQHC","T5S88O-KR7PH-NI2MLW","","","","","","","",""
"T7K37F-OQSR4-1S6EQX","OXCX9K-NBZ9H-0UNL0U","AVAX/EUR","forex","crypto","2025-10-29 13:52:37.9789","buy","limit","16.95000","161.35165","0.35597","9.51927147","0.00000","","L98O1L-PPJ1N-5T844Q,LH2BTU-FDOAP-MLQS8L","TXSOL1-5M9GQ-JANQS3","","","","","","","",""
"T28MT9-FSV5Q-4FIUPQ","OKPNN8-XC609-YZHS1E","BTC/EUR","forex","crypto","2025-10-31 15:17:09.6242","buy","limit","94881.40000","304.74198","0.68655","0.00321182","0.00000","","L2SOS7-DPI1G-6BX0NW,LKQ4KS-D9GAO-4H86DD","T372DT-F2533-UOT477","","","","","","","",""
"TMLF65-J1VRK-F4HT69","OA1435-0Q8OB-W3J6SO","ATOM/EUR","forex","crypto","2025-10-31 18:04:26.3840","buy","market","2.56340","45.11584","0.13647","17.60000000","0.00000","","LBY0T0-I91KC-JUVPCV,LV5765-EJ9TD-NVSK6Q","TM11R9-9ALX8-UY5VWT","","","","","","","",""
"TRFTNV-IJZX4-XVQBZB","ORQW52-59GMQ-2P014X","UNI/EUR","forex","crypto","2025-11-02 21:37:08.4572","buy","limit","5.07500","34.00250","0.07404","6.70000000","0.00000","","LDLWY1-P6MXS-WY0SZK,LBNSH8-LLRB7-DFIXLB","TO9EWO-7TCBW-5QQB5I","","","","","","","",""
"T95IYU-B31P3-5ZWQYT","O39UZC-2PLHS-95TWBQ","ETH/EUR","forex","crypto","2025-11-02 22:07:28.4442","buy","limit","3386.59000","271.97847","0.63374","0.08031042","0.00000","","LQCULV-UKSVZ-OOTSTP,LHAFAR-CIODE-WYB40T","T3D7XT-X42D1-3A3AOZ","","","","","","","",""
"T9UK69-3P483-CHELHR","OX5M8N-ZF6YX-IS81HB","ETH/EUR","forex","crypto","2025-11-02 23:18:16.2453","buy","market","3386.59000","240.82018","0.61066","0.07110993","0.00000","","LLNZKF-3IKN9-NTWJIP,LO86K2-4ZN0M-WMKCWJ","T77ECA-AFFSD-UC4K9I","","","","","","","",""
"T3HRQA-9VZEO-X981BF","O8W80U-XN3E6-OQE09O","DOGE/EUR","forex","crypto","2025-11-03 08:45:37.2277","buy","limit","0.14514","55.71821","0.15151","383.90000000","0.00000","","LA906K-37E4E-Y9JVB6,LHPPHP-M0D5W-LWJOJA","TFI4CK-OM5F3-3DNREH","","","","","","","",""
"TM1XRP-4JDVA-787TAG","O2M093-2JKY5-OFTTUK","ADA/EUR","forex","crypto","2025-11-04 19:57:39.4951","buy","limit","0.45350","169.56328","0.52609","373.90000000","0.00000","","L8C7J0-ZNRUH-MEZVSQ,L3HEYK-UKPXP-SBTNBD","TZRILU-L7JPT-GD2RTT","","","","","","","",""
"TLQBXX-A53XI-3C7G0A","OBGB8P-MX76A-L3G0D2","BTC/EUR","forex","crypto","2025-11-05 17:27:19.1447","sell","limit","90416.50000","403.74493","1.18955","0.00446539","0.00000","","LORDCL-VFD4P-I4SE4K,LBL5VG-GNFA8-014EHT","THUGXN-S8EHI-VM4YLH","","","","","","","",""
"TGVPGG-B38I1-WR63JU","OWMW3M-4DY99-O3UCR6","BTC/EUR","forex","crypto","2025-11-06 21:27:50.3583","buy","limit","87729.00000","352.75305","1.13101","0.00402094","0.00000","","LNIXC6-ODR9H-OUNKP9,LJ1PLI-HUY7E-W1TMIK","T5Z9RV-KMCX5-ZPHW7L","","","","","","","",""
"TB8DM1-AOZUJ-V1CIJJ","ORX3XH-YTDBU-2J085R","LINK/EUR","forex","crypto","2025-11-07 13:21:14.4547","sell","limit","13.61617","100.86752","0.28506","7.40792196","0.00000","","LB96DO-9UZXC-A4X76B,LT3PPE-690CW-BKE4HS","T0LT59-HHPZU-YR7VHT","","","","","","","",""
"TYA2OT-KQXW1-12CD4Y","OSD6SH-QBA3R-NQF3AD","ETH/EUR","forex","crypto","2025-11-07 23:47:27.9786","buy","limit","2968.83000","197.57721","0.55772","0.06655053","0.00000","","LW386A-6NJHE-EK2VK1,LOLKFU-3F4K1-H3VQ0V","T3WKH3-J4CYG-O6ZUDO","","","","","","","",""
"THEZUL-4AE6Y-A8S2DD","OET4KE-RZ1V8-RSRKPV","BTC/EUR","forex","crypto","2025-11-08 09:50:31.4913","buy","limit","88421.20000","734.01975","1.57691","0.00830140","0.00000","","LT8BWK-8XN29-GXEKBZ,LCMLOX-8GCT3-M9GX06","TAWKZC-ZVVWS-6MOKU8","","","","","","","",""
"T77HNS-54GWD-FO1NNJ","O5RXC4-XJ4A3-S8PGBZ","ETH/EUR","forex","crypto","2025-11-09 17:27:28.8292","buy","limit","3102.26000","74.70025","0.16127","0.02407930","0.00000","","L2DA89-OTCJ8-1RTAOG,LZE5XF-FFGFA-JLFG9V","TKAD0T-Q2I6D-EIY38L","","","","","","","",""
"T7A7KX-7MR9V-QIET4A","OKW6ZL-KW5E1-1DXKU2","ETH/EUR","forex","crypto","2025-11-10 12:49:41.5715","buy","limit","3085.69000","512.96597","1.73971","0.16624028","0.00000","","L0WTGX-Y7IN1-R6X8YI,LU1YD3-W6Q76-3OULLL","TMRNUZ-A1G6A-P8UBK6","","","","","","","",""
"TLQI1N-6CLPD-IXCVTF","OHAKRO-WX4KK-1R6L5A","ADA/EUR","forex","crypto","2025-11-12 09:46:03.5620","buy","market","0.47106","131.04750","0.26500","278.20000000","0.00000","","LYIFJH-S1JQE-DLI5VL,LMQ4VB-GR3AJ-NC9HXW","TMVM74-LT3SI-K6FPG5","","","","","","","",""
"T3ADQ7-GEYV6-NH44O9","O318EI-FBT7M-GBDVDI","LINK/EUR","forex","crypto","2025-11-12 16:10:38.4989","buy","limit","13.08040","112.32767","0.24137","8.58747940","0.00000","","LHWRRV-AXGUM-DF4NZK,LRSN8L-0UW6I-K209EI","T8XQ6T-CLK04-P2EK1H","","","","","","","",""
"TZMMXX-1CAUT-3XRBX2","OWFIYO-WYPN3-WHIFYE","DOT/EUR","forex","crypto","2025-11-13 21:31:27.6828","buy","market","2.46120","45.77832","0.09707","18.60000000","0.00000","","LVCE3S-KSO6D-KFLAB0,LQM6UT-6FIZH-JMXSNW","TER8ZD-XHYOU-5MHSBD","","","","","","","",""
"TOGQ2H-5CFGK-7H3I8N","OO7NQO-TSVFK-2KNELW","ETH/EUR","forex","crypto","2025-11-17 18:10:44.6159","buy","market","2608.45000","74.56025","0.19250","0.02858412","0.00000","","LAOEUL-TMD3B-PEQPRV,LILAP1-J55CU-K5X6G2","TKRT47-Z0A69-0Q5N5K","","","","","","","",""
"THSSX0-BJCKJ-CO6MY4","OGWDSH-LLSHW-A7SLKD","BTC/EUR","forex","crypto","2025-11-18 08:34:56.8385","buy","limit","80216.70000","733.92505","2.05198","0.00914928","0.00000","","LTB8VF-Q6D6S-UZRDDN,L7P29E-UQ3PU-ZHHORB","TLB8TN-JXCML-ZTI89U","","","","","","","",""
"TQY89F-IQ0FC-UZLZOO","O0AHWY-423PA-CE2F34","LINK/EUR","forex","crypto","2025-11-18 23:08:05.9486","buy","limit","11.91565","34.50629","0.08093","2.89587958","0.00000","","LK7E31-5H9H4-YN8S7Y,LVR0DH-AMYVK-P6EUNP","TU4EGJ-N567N-385C6K","","","","","","","",""
"TD6ZMB-YTJPT-VH31A2","OMF3G1-PUXJC-N0CL5N","DOT/EUR","forex","crypto","2025-11-19 19:25:42.5912","buy","limit","2.32890","106.43073","0.25793","45.70000000","0.00000","","LP8AT3-7A67E-ZAQ3UZ,LGRRQ0-1E1KL-YRSOAV","TA6FBF-4FKKH-YB0R3X","","","","","","","",""
"TDNVMO-1OBVY-SIKJAZ","OF7489-NZHQH-ZEDCJ9","XRP/EUR","forex","crypto","2025-11-21 20:59:07.1217","buy","market","1.69401","178.54865","0.60562","105.40000000","0.00000","","LQNKYP-1M2VC-8BZBO3,LFASEM-UHJQM-QU4HKS","THRDGK-OU3N8-Z79NK3","","","","","","","",""
"T1456H-95D9Y-8Y0AWR","OHQS9D-VELYV-RO5X1D","LINK/EUR","forex","crypto","2025-11-23 16:49:29.8959","buy","limit","10.87819","126.70378","0.31970","11.64750594","0.00000","","LPYDRO-6XT8O-IT6YA0,LO1XQO-VGPP3-SUYQO8","T9LG7V-6TVQU-ILTEMR","","","","","","","",""
"TPFSLT-J669R-EA3Y0X","OAOBK0-2LVUM-HF5OX0","ATOM/EUR","forex","crypto","2025-11-23 22:44:08.4246","buy","market","2.16810","129.86919","0.27759","59.90000000","0.00000","","L9LPXH-V163D-C0VSVI,LTS03L-38GX8-M8CT71","TWB0BJ-HPPIP-G6A2C9","","","","","","","",""
"TTGU8T-L777K-1D8NRU","OU8F85-5MDTC-E9SB5M","XRP/EUR","forex","crypto","2025-11-24 22:24:18.1714","buy","limit","1.93364","71.54468","0.20783","37.00000000","0.00000","","LAVJVW-SQ4RX-9WX1VA,LD5MAX-OWRG1-AXVFGI","TGV3WA-GB2RH-7326XP","","","","","","","",""
"T9ZL5Y-31K88-NO1RBN","O62NK7-HLCNP-TT3M5H","ETH/EUR","forex","crypto","2025-11-24 22:50:47.5385","buy","limit","2563.87000","335.62450","0.85424","0.13090543","0.00000","","LS2U4X-7X8W4-3H93SI,LBXQNQ-76KF5-O2UXXK","T509Y5-BA0L2-NZVTOF","","","","","","","",""
"TQ6RF8-LW7Y8-AUBPM9","ODBEZA-9AGUL-M5FQJY","UNI/EUR","forex","crypto","2025-11-25 13:36:02.4809","sell","market","5.38600","30.16160","0.07301","5.60000000","0.00000","","L31W3L-CZ6EI-MB9GM5,L3FPY6-3MYSR-TTYMMC","TWPBV6-CIDR6-K3LYYZ","","","","","","","",""
"TIJD44-Y3NPZ-5GP5GP","OSSS2P-FV7PI-VPA47V","DOGE/EUR","forex","crypto","2025-11-27 10:26:29.2208","buy","limit","0.13164","80.07850","0.22548","608.30000000","0.00000","","LPRCMZ-Z3T7E-Y0PYDG,L1KI17-TBS4D-KFFVIK","TBYT2I-IENNN-GVDLV0","","","","","","","",""
"TPWI25-Y4XVR-YDAFV8","O7VO2M-CQ4S4-FW00R3","LINK/EUR","forex","crypto","2025-11-28 13:41:19.3549","buy","limit","11.34875","196.52582","0.54674","17.31695759","0.00000","","LFVIUC-LHQ2E-AESQAX,LMVW0N-HJLA9-A1N3IR","TW50LM-BVSQO-I2JVZH","","","","","","","",""
"TIPSB5-3XQC5-LIKCTF","OAIXG2-G10YC-1NE2OO","SOL/EUR","forex","crypto","2025-12-02 09:34:45.1148","buy","limit","119.24000","123.73622","0.31206","1.03770731","0.00000","","LIUYD7-RINA0-VLRRBA,LEJZ28-6QPJN-22Y4LG","TQTCD2-1W2KJ-NVFOM3","","","","","","","",""
"TC6B0Y-UCQEF-RSATQV","O9OB3M-QW20X-3RKWWC","LINK/EUR","forex","crypto","2025-12-04 17:38:14.3641","buy","limit","12.25200","68.25543","0.14241","5.57096194","0.00000","","L7ERDT-OMPSD-WX96AC,LH245L-5DO3G-Q83QG5","TOPKOR-UCU6S-YVUVO9","","","","","","","",""
"TYYS14-IMD01-N1T7NR","OQH4S0-3B0HX-Z8Y8K2","DOT/EUR","forex","crypto","2025-12-04 21:28:46.7246","buy","limit","1.95410","94.18762","0.19943","48.20000000","0.00000","","LGP0A8-D2ODK-WDGSEO,LTP5OR-4NN9N-SRANU8","TAKHY7-I0YCM-90F89V","","","","","","","",""
"T9M2ZE-H9H72-IQ4LU1","OBY4IY-V0N1S-MP85Y7","BTC/EUR","forex","crypto","2025-12-05 07:31:04.9981","buy","market","76823.90000","208.78662","0.48246","0.00271773","0.00000","","L1ERK0-VF616-D3CV0L,L5C098-JRPG7-39ZOBZ","TOUJJ3-0TLDO-1VA1QO","","","","","","","",""
"TN2TEJ-0U0VG-DR1GX1","ODOC5H-WGPBY-EXZ9ZG","LINK/EUR","forex","crypto","2025-12-07 20:44:42.3172","buy","limit","11.73880","116.12109","0.34054","9.89207491","0.00000","","LXX08D-W54I3-O6GIL6,LDTXLJ-K85JY-YFK31A","TVPM6D-YSX9O-JWUDRG","","","","","","","",""
"TKLDWC-6G4Y3-CXLLJ0","OVGWGR-ZPX9V-1UITDJ","ADA/EUR","forex","crypto","2025-12-10 08:20:19.2071","buy","limit","0.38752","26.50664","0.06067","68.40000000","0.00000","","LWT1VA-WI2EX-4KNYSG,LOHKSV-8JRD8-SPW0S1","TNKK0G-78TMQ-H3A5F1","","","","","","","",""
"T45IP6-5PLLD-5OBQ2S","OA12ME-SQ790-VON8PV","ADA/EUR","forex","crypto","2025-12-11 18:38:17.5230","buy","market","0.36278","136.04175","0.43675","375.00000000","0.00000","","LQODZ4-A54VD-JPCA12,LJ8Z8D-O3P0A-MTS7YN","TXJ5YH-Y8N59-UL59K1","","","","","","","",""
"TB30JG-UC3TG-LQKBEC","O54T59-PGN3S-2W1IXU","BTC/EUR","forex","crypto","2025-12-12 14:31:21.7671","buy","limit","76952.10000","486.40037","1.27086","0.00632082","0.00000","","L45YHS-HZD14-FTNM8V,LH1XSN-66RMN-R6NOBG","TPJYHV-O2N0I-DC8HNY","","","","","","","",""
"T5K5Q5-GOEIO-TZS6T5","ORR284-WYX74-ZEMG02","BTC/EUR","forex","crypto","2025-12-13 21:56:14.1450","buy","limit","76952.20000","517.95064","1.73683","0.00673081","0.00000","","L82RQU-KJF8R-QCVMKC,L11XHW-CBZUJ-BOO0F0","T0MS8M-XNMGH-Y7PBY6","","","","","","","",""
"TC03V1-NPCYV-U049DD","O5S0Q7-OC0QP-DXXSYK","DOGE/EUR","forex","crypto","2025-12-14 07:54:36.8562","sell","limit","0.11423","86.79150","0.20746","759.80000000","0.00000","","L0OY44-TFW0Z-NMVNSW,LJFII0-UGPKA-KRITGF","TJMHDN-BRQIT-4J0SGQ","","","","","","","",""
"T70Y6I-SX49T-0Z4O75","ORDDHN-SGFSH-681TCH","TRUMP/EUR","forex","crypto","2025-12-14 15:18:06.9638","buy","limit","4.59900","42.69186","0.09742","9.28285676","0.00000","","L1NGET-L53CU-K52CG9,L9L349-DQ1GT-7DHT8D","T61098-CJNJZ-9G6DVN","","","","","","","",""
"TGSF6K-9KOHD-5MHBCI","OG3KQT-YDB90-MTXLQ0","XRP/EUR","forex","crypto","2025-12-15 08:53:37.8080","buy","limit","1.61516","88.18774","0.27732","54.60000000","0.00000","","LI2L5E-U9VDO-W6JFPY,L772A8-709NW-A6540W","TFJ2ET-PSEYW-R7OXNW","","","","","","","",""
"T0AUF2-W7WR1-TQZFB8","OX6JMR-E2U7F-MKGZBY","DOGE/EUR","forex","crypto","2025-12-17 15:31:36.9384","buy","limit","0.10747","40.23512","0.11240","374.40000000","0.00000","","L52A76-8O3BT-G7GA24,L5J8O9-8BUJD-S0SP8J","TB6L4P-ESRSS-0NP99W","","","","","","","",""
"TMYPJT-SYI2M-UJQM2U","OBAL0J-2H4I1-TXD42G","BTC/EUR","forex","crypto","2025-12-18 10:50:19.3307","buy","limit","72898.40000","648.51729","1.56682","0.00889618","0.00000","","L03JW6-R8YKE-HVQ9XD,L8XQ41-WJX3X-YRG7QS","TODMX0-RDT5N-HXF4T8","","","","","","","",""
"TTC45P-I2SO0-DMJPAI","OFOWP4-73OZR-BLH74K","TRUMP/EUR","forex","crypto","2025-12-18 13:12:58.2031","buy","limit","4.26900","27.78981","0.05592","6.50967561","0.00000","","LDYZ3M-QWY2N-B95880,L4XXU4-YQ5TD-FGJ7NR","TSKOQV-333C2-UUDSQN","","","","","","","",""
"TRJKLU-MCMH7-LM2LW7","OZRTQJ-8CW8N-57PLE0","SOL/EUR","forex","crypto","2025-12-18 19:17:20.2930","buy","limit","101.94000","199.51814","0.58184","1.95721148","0.00000","","L2WPMJ-O2CMX-LEOTP7,LA3UH0-3CD24-D0UXF7","TFS12H-1VROB-W1PY82","","","","","","","",""
"T4ADD0-GN7RV-XQ51WH","OAL104-S210U-8ULV1J","ETH/EUR","forex","crypto","2025-12-18 20:41:08.1782","buy","limit","2411.49000","246.88936","0.84892","0.10238042","0.00000","","L8IPUV-58OHC-U0E0R3,LJSS3T-14LYF-6NXXX5","TF6Z61-DHIHP-SMTK7P","","","","","","","",""
"T3NSXO-F6T6W-EGGH02","OWPKQJ-39QZJ-9YR33I","SOL/EUR","forex","crypto","2025-12-19 18:31:47.5765","buy","limit","107.77000","306.46173","0.92283","2.84366453","0.00000","","LEMLMB-ZRKZO-EAVNAQ,LWB41P-BNUXU-RPV7LY","TOZD2U-2X17P-OI92RI","","","","","","","",""
"TQETJD-H231W-CGV6LR","OLWP47-LZ0O1-58J8H1","TRUMP/EUR","forex","crypto","2025-12-22 20:02:31.1180","buy","limit","4.22900","78.57722","0.21929","18.58056746","0.00000","","LX6YIN-W4UF3-S9M8YI,L038Z2-FS1O7-D3Y82F","TJXLFN-7V2T3-FLWL91","","","","","","","",""
"TKVCBZ-YIYN6-2U8Z1X","OIE39Z-VYEC5-UDOTUQ","SOL/EUR","forex","crypto","2025-12-24 15:39:27.1176","buy","market","103.97000","248.52508","0.79373","2.39035374","0.00000","","LQG87C-I602M-G2FEU7,LAZQ2S-F4VH9-T13G4W","TANI24-RMJU1-ZE50K6","","","","","","","",""
"TN3K7D-D1T46-MH7G8Y","OFH3XD-VQ8PK-D2KRCN","XRP/EUR","forex","crypto","2025-12-24 18:44:13.3204","buy","limit","1.58030","180.94435","0.43594","114.50000000","0.00000","","LF8JSH-L96EP-T6AAR1,L7QR0A-PXP8I-QFVAPR","T4WGDF-KSSUX-DOUB5Y","","","","","","","",""
"TSWZUA-H35QR-R4ZGMS","O66KE6-ZADOT-IWTLIN","DOGE/EUR","forex","crypto","2025-12-26 09:36:21.5241","buy","limit","0.10366","133.16892","0.31519","1284.70000000","0.00000","","LEU1OQ-Y4AKL-7XZVZY,LYIC11-BIJ20-0Q696J","T5EAT6-4VZ90-HEDMAM","","","","","","","",""
"T2OEDR-9RLQK-0PQS2F","ONUKM7-Y1UVJ-YTMP4N","ETH/EUR","forex","crypto","2025-12-27 18:52:37.3981","buy","limit","2502.56000","56.46859","0.16328","0.02256433","0.00000","","L78ZOH-EOTB1-PPQVQ1,LHU3FI-QG01P-YD819E","TTPG2O-8XGHI-Y1BFW7","","","","","","","",""
"TU9ZYA-WXGP5-LFKEMR","O4BN7J-5UKR8-IEU122","ETH/EUR","forex","crypto","2025-12-29 07:53:54.5193","buy","market","2492.92000","47.21845","0.12285","0.01894102","0.00000","","LGMLF2-L9O98-N2R48T,LWQOYB-Z8GIC-R6D86U","T8781X-TQSR7-SH2C23","","","","","","","",""
"TEUTZE-IFU43-U41VSV","ODT766-3C42X-CV96Q3","XRP/EUR","forex","crypto","2025-12-31 09:36:08.8528","buy","limit","1.56607","36.64604","0.08039","23.40000000","0.00000","","LK4986-K33UF-EVSTYG,LX8860-I7P2R-5JGLWM","TK6SF9-NRMOZ-L65X4W","","","","","","","",""
"TLEAHG-UAALZ-GRMC7F","OFZ1C5-MNJOT-WXZB5O","ADA/EUR","forex","crypto","2025-12-31 10:30:58.3156","buy","market","0.28330","106.00899","0.30365","374.20000000","0.00000","","L5L02M-OYQJ3-IZBT1K,LT7GA8-SR6YH-TXP25M","T9FERJ-XMZWQ-DBDPV4","","","","","","","",""
"TKUPBB-BKVPM-IOKGN2","OYENV7-H2IVD-87WCDL","DOT/EUR","forex","crypto","2026-01-02 07:41:18.8647","sell","limit","1.85180","82.21992","0.19776","44.40000000","0.00000","","LI7EQ3-O6J8L-U25WSE,LVI9V9-J2FUW-48XLPO","TY22CM-5AGP6-0Q2OAZ","","","","","","","",""
"TO5XKQ-R4ZLX-B7GIOR","OFZCP8-3JUWL-IUVJ40","BTC/EUR","forex","crypto","2026-01-03 08:27:19.4001","buy","market","77355.10000","86.67794","0.17829","0.00112052","0.00000","","L2YGQY-MH33D-HARJI6,LYB9PD-GKRJW-TG3FIM","TLCBIE-DBZNM-TR28J9","","","","","","","",""
"TB26XN-ISOSZ-0D3MPV","O9WXN9-1TFRS-A8ZFAW","DOT/EUR","forex","crypto","2026-01-04 10:34:38.2839","buy","limit","1.83010","86.56373","0.24122","47.30000000","0.00000","","LY7KFG-HPAS0-ZBTBOP,L51V9N-XMKTO-6JRU7N","TSPN5M-RDPMB-Y23HK7","","","","","","","",""
"TABM4M-L2IQR-2AHNYR","OVFONT-YADJC-88KLX9","BTC/EUR","forex","crypto","2026-01-04 13:37:59.5846","buy","limit","78180.60000","464.76412","1.38673","0.00594475","0.00000","","LVB9ZX-VTH4O-QSRLDH,LH2KS1-CBCIF-L79R9K","TPU8O9-ONSRH-DVNFF2","","","","","","","",""
"TCVF34-EI2BR-SV4305","O6M00L-879W5-DY4LRE","BTC/EUR","forex","crypto","2026-01-04 16:21:25.7427","buy","limit","78180.60000","143.97114","0.42780","0.00184152","0.00000","","LPI8WE-JI4P0-E4Y5X6,LZIE5A-PCBFL-UN3YPQ","T5LYYP-6S0VD-CK1040","","","","","","","",""
"T0Q48G-CNUBJ-74F55A","OCOBTE-GURT1-RWVNGC","BTC/EUR","forex","crypto","2026-01-07 16:02:23.3302","buy","market","78211.00000","134.44862","0.44973","0.00171905","0.00000","","LRW334-KKAF9-YFT4GC,L5ICNI-C4DTZ-NNVEJE","T1YONA-Q2DS3-EDU2EL","","","","","","","",""
"TUYHCB-JKHCD-79UDA9","O7ZILE-5YLQS-OUJB9N","SOL/EUR","forex","crypto","2026-01-07 16:46:31.2639","buy","market","116.72000","143.39476","0.31755","1.22853632","0.00000","","LK3QHA-D3M6J-R8FL9V,L2QJI4-7JWU7-SA7IDI","T09KGW-8C4AG-1QICXB","","","","","","","",""
"TXK2FI-B7AKK-SQKU1W","O3VSSQ-6I3AB-62ACR8","XRP/EUR","forex","crypto","2026-01-09 08:05:01.4635","buy","market","1.79932","71.61294","0.15263","39.80000000","0.00000","","LXL6V3-37PD7-CDZPBB,LWGDKD-8M4PK-IXSX09","T7NFUD-1AHII-A7BW2V","","","","","","","",""
"TXQDQ8-51ZFS-ZF7233","O4NLX4-FR3TX-JC7IU2","SOL/EUR","forex","crypto","2026-01-11 10:47:39.8890","buy","market","120.01000","16.25274","0.04191","0.13542822","0.00000","","L7O7PN-UD53Q-E5EEAZ,LVW7NJ-KHVYQ-DK9XMA","T5VIXR-4DTO8-UFLV4B","","","","","","","",""
"T22D1B-3PO4Q-U280WC","O84AYU-F1TK8-3W1Y6Z","BTC/EUR","forex","crypto","2026-01-12 07:03:42.7633","buy","limit","78162.40000","152.92630","0.53178","0.00195652","0.00000","","LRH7CJ-JEY7Q-WWO6NL,LPVEC9-T5AHC-0OKRCW","T9IBGJ-EWVPG-6VC4PA","","","","","","","",""
"TF6F52-26G5I-UVWL47","OL6OJK-S1I7W-10PE8E","ETH/EUR","forex","crypto","2026-01-15 14:42:11.6064","buy","limit","2858.14000","38.65992","0.11867","0.01352625","0.00000","","L2IBJV-SLRDM-ZVXY16,LZGRRV-GMDFZ-JOIGO5","T8OAFL-KTAWM-WUR1Z8","","","","","","","",""
"T1C83J-QYCRH-O7AZP8","OOX5DF-8K4HB-ABOI0S","ATOM/EUR","forex","crypto","2026-01-19 22:54:37.3394","buy","limit","2.11040","56.13664","0.14250","26.60000000","0.00000","","LUFJWF-Q84GD-5YSHGP,LZ91KM-GQAW4-TEQ3CY","TFWP5W-LF0LL-YA85BE","","","","","","","",""
"THBHAQ-ELFXI-ZGJF3J","O9LHEP-U4U5E-OOE42W","ETH/EUR","forex","crypto","2026-01-23 11:27:56.8720","buy","limit","2497.99000","428.92007","1.31464","0.17170608","0.00000","","L0KI4J-KJ7OP-JQBTK0,LTD0DO-F83GA-EDMLAV","T3W9O0-1E4ZN-ZZE2TB","","","","","","","",""
"TG1HZV-NASJP-0ESUSW","OIY7K6-000U1-R54ED6","XRP/EUR","forex","crypto","2026-01-26 18:42:59.6379","buy","limit","1.60210","26.27444","0.08236","16.40000000","0.00000","","LZ764H-SRTSM-3S08UW,LOXT11-8QZB6-UXQRKU","TW2032-LYXJ2-J4BO6G","","","","","","","",""
"TMJCZZ-RO70Y-VBDELF","OLSPGQ-TTOH9-JV8A6M","XRP/EUR","forex","crypto","2026-01-26 21:40:19.9743","buy","limit","1.60210","50.94678","0.13674","31.80000000","0.00000","","L6SZVE-TC543-EV6NZ8,L1XN5B-0MOLR-V4DGQV","TTAKLO-F5L5D-9AU6MT","","","","","","","",""
"TFUNMA-D1BX6-AZ8YGC","OVHLBP-RFEGC-XY13VW","BTC/EUR","forex","crypto","2026-01-27 07:11:43.2188","buy","limit","74150.10000","450.78960","1.52984","0.00607942","0.00000","","L0F72V-E4IRF-7BCU5S,LXQKQB-KURT6-267CGF","TX30AC-9PUBK-OPSL0J","","","","","","","",""
"TPZJ3M-NHTZQ-TTAAZV","OORQ59-D6SV8-FLOCVS","SOL/EUR","forex","crypto","2026-01-27 07:41:27.3402","sell","limit","105.71000","188.74629","0.60922","1.78551028","0.00000","","L6YCXN-EAM5C-SPM0OS,L2C4XN-98UNC-QS6519","TEYINY-COAUD-WYUSAZ","","","","","","","",""
"TCPW5V-ZLMQ9-6FBEJH","O9J7MJ-QO1DU-7V8FY1","DOT/EUR","forex","crypto","2026-01-27 14:17:30.1233","buy","market","1.56020","38.84898","0.13414","24.90000000","0.00000","","L4LPO6-GF9XX-WNKPZI,LAJN3M-LEOZP-RRT2L2","TIEO9U-VJ3BS-Y3ONX3","","","","","","","",""
"T139DO-70IU7-HWLWZU","OB3ZUP-SLSIY-LX2CRL","SOL/EUR","forex","crypto","2026-01-27 16:41:14.4573","buy","limit","105.71000","162.65365","0.55129","1.53867795","0.00000","","L9YR8H-9XDYQ-8D7WGX,LXASHV-FHZLA-6OVM8L","T10I18-7YOHQ-LYLEWF","","","","","","","",""
"TNBQD8-QKKI9-U0VQF6","OOYLCB-37BQ3-R0BGNF","XRP/EUR","forex","crypto","2026-01-28 19:31:55.5735","sell","limit","1.59341","135.43985","0.41795","85.00000000","0.00000","","LUF1WZ-WBAYW-5NWVJQ,LYX7X5-PV0QL-3GFXY1","TJXCDK-MZPB2-YN69I7","","","","","","","",""
"TNEYN7-4LRD2-KX2SWO","OSJVBC-82SG0-YPJAWU","DOT/EUR","forex","crypto","2026-01-31 19:47:36.4425","buy","market","1.30810","160.24225","0.51023","122.50000000","0.00000","","LGNIFP-VDEYC-ZNYCTO,LPST9L-IFI3O-SH3QZX","TY4A15-F4JM8-R7A4K3","","","","","","","",""
"T842QY-VTQNK-V78RTJ","OR2GJC-GMBJ2-W6P54W","UNI/EUR","forex","crypto","2026-02-03 10:45:39.9248","buy","limit","3.26200","129.17520","0.43801","39.60000000","0.00000","","LSWVTQ-QKLJQ-KCJEV9,LZUYH9-7Y8PZ-L99UJ6","TSAFK9-KKVP2-ME59O2","","","","","","","",""
"TXMJBL-INEEW-KIHPY3","O6Z6CO-XKQ5P-52DWHZ","BTC/EUR","forex","crypto","2026-02-07 08:51:29.9053","buy","limit","58746.90000","666.96002","1.57402","0.01135311","0.00000","","LTG6T2-6OL5M-5LOIPZ,LKSBWT-SMCGX-ZNV6L8","TJVZSL-T6949-QBFIY4","","","","","","","",""
"THFA58-S9EP5-ROPTXM","OQT090-FS6QI-J88AGT","BTC/EUR","forex","crypto","2026-02-08 21:05:50.4635","buy","limit","59487.30000","541.50754","1.78728","0.00910291","0.00000","","LJW319-WNI6G-8E24RZ,LBJHTZ-QCEQ0-YET337","TAZ2B0-FMKOV-2Y9269","","","","","","","",""
"TW5OXI-O25NA-8KY60P","O0HZWC-YKVMQ-YBXPFY","LINK/EUR","forex","crypto","2026-02-10 09:23:50.5288","sell","market","7.20746","48.42078","0.12702","6.71814722","0.00000","","L7UV48-PBOWV-HD7B4I,LSYI8R-5NTIP-WL51CT","TAE3HK-3LQEX-RSQ97N","","","","","","","",""
"TUWNN6-LXYNU-WPKN64","O6UW7Y-E46F7-761XS1","XRP/EUR","forex","crypto","2026-02-13 16:22:31.2217","buy","limit","1.18541","118.30392","0.36027","99.80000000","0.00000","","LOL5VZ-D3NKK-F2B3EW,L15QA0-TKC3N-4G720K","T9AZU9-PK42U-D2DTBZ","","","","","","","",""
"T7R6D2-X6LOD-6D8E20","O0I2ZR-HVYPG-QTDRKE","LINK/EUR","forex","crypto","2026-02-14 08:45:01.2908","buy","limit","7.67107","79.29621","0.19630","10.33704621","0.00000","","LF1W5Z-S9BK4-UFSVUX,LZUYKM-G3DUV-SCHL80","TZD8IP-5OBK7-596D4H","","","","","","","",""
"TKL5EZ-2A5I8-JNBRJS","O1M3RM-ZM4QI-31HO4X","ADA/EUR","forex","crypto","2026-02-16 23:50:48.9254","buy","market","0.24101","31.42744","0.06828","130.40000000","0.00000","","L0D9Y9-B1YP4-BG4W4H,LP5AMV-OV4OY-IZ9IYC","TR0L32-U5CXU-HGK42O","","","","","","","",""
"TIM04R-F4LTY-YTMJL5","OH1682-87SF1-PT6TRO","TRUMP/EUR","forex","crypto","2026-02-20 23:35:12.4154","buy","limit","3.02900","66.54661","0.16157","21.96982923","0.00000","","LFIAJI-JNLP2-S07JOR,LDBIQM-GPOEM-KSD1JC","TPTZZZ-6CTEL-745CSF","","","","","","","",""
"TGO8N1-7789R-DJAK2J","OYKMUY-2BIAD-VO9F18","DOGE/EUR","forex","crypto","2026-02-21 15:24:22.9563","buy","limit","0.08355","78.40079","0.19699","938.40000000","0.00000","","LNV6YY-X0102-OTTX57,LLYQ9V-J2VDY-6BEG22","T418I3-WUG0R-QAP37L","","","","","","","",""
"TNW8R3-MU50C-S9QB62","OJ77RU-EOC7J-NX894I","DOT/EUR","forex","crypto","2026-02-23 11:26:56.8495","buy","limit","1.07260","48.69604","0.11259","45.40000000","0.00000","","LNK0K7-H01ST-XMZI9Y,L8U40Q-CU5WM-G7F10T","TB81OU-VWXOA-TMZH93","","","","","","","",""
"TK0PLE-D0Z4Z-MPRGAA","OO765Z-C9HLU-2ZLGLE","LINK/EUR","forex","crypto","2026-02-23 12:38:22.7705","buy","limit","7.00672","192.98676","0.42190","27.54309568","0.00000","","LZT3P6-SRD84-BQQ8DY,LWWMOC-0BJ98-UUD7KW","T642LM-F93TX-RY3Z4X","","","","","","","",""
"T91AAY-0A1V9-Q3R1SS","O07ZP3-UFR41-B86ISV","LINK/EUR","forex","crypto","2026-02-23 19:48:52.8130","buy","limit","7.00672","115.44360","0.30186","16.47612627","0.00000","","LRKPOY-WM42Y-JMLEQM,LJ1SSQ-VRUA7-BL11CP","TGW9CE-0X6M8-NPIWZB","","","","","","","",""
"TMPMXJ-OREMU-RWVAZM","O4H01V-HEPHJ-F7ZF8S","XRP/EUR","forex","crypto","2026-02-24 08:46:24.8624","buy","limit","1.14527","226.76346","0.71733","198.00000000","0.00000","","LF24HY-G1HB3-Z30ZBT,LVFH7B-0AHI1-YWT3HK","TO1CMR-T7JHD-SZW1YE","","","","","","","",""
"TAUM2K-N2XHQ-SHB0DX","O087NN-Y9MO2-HZG8H7","LINK/EUR","forex","crypto","2026-02-24 17:58:38.8405","buy","limit","6.97057","72.38050","0.21031","10.38372712","0.00000","","LJH9PO-2UBAT-PZ00H4,LFL7Q1-5WHQM-N7D922","TWAHDO-61XN8-DK13ZP","","","","","","","",""
"TL0YDR-Z2QYP-BHF3H8","O8PTWJ-8SUWU-HQ6Q6Y","SOL/EUR","forex","crypto","2026-02-24 19:18:23.4566","buy","limit","67.05000","161.86967","0.32776","2.41416363","0.00000","","LYCNID-S13PM-NCYBLO,LP6XOY-BXIKP-DKUYPF","TV0D0I-ML4NF-LUO6PH","","","","","","","",""
"T15028-LSUXO-M9TP2K","OQDT1S-9J3MV-OLHBFL","DOT/EUR","forex","crypto","2026-02-25 13:44:14.3454","buy","market","1.40710","40.38377","0.11068","28.70000000","0.00000","","LISUVY-K28F7-K5MTVG,LE3YN3-SCSBL-LWNAK2","THOPQ0-UX5PG-EM9IUY","","","","","","","",""
"TW6B2K-LVHN4-OZODIL","O01AV2-R2A95-C434DT","AVAX/EUR","forex","crypto","2026-02-26 23:45:59.7140","buy","limit","7.88000","48.09183","0.15308","6.10302370","0.00000","","LUN63V-V1E6W-0BMED3,L3I7OP-S2RRT-XVF4Z1","T84684-9A7ZV-D8H3CH","","","","","","","",""
"T73RY7-QNUNZ-JAOC78","OGO9EB-ICN9N-CLYGEP","DOT/EUR","forex","crypto","2026-02-28 15:02:42.2039","buy","limit","1.41560","96.96860","0.20006","68.50000000","0.00000","","LT6YEY-XIY47-HGM5SR,LZEPFE-KXVTY-Z9345Z","TWUOT8-MMDFB-HPSOJD","","","","","","","",""
"TYRDB1-4JUJU-M3AY4L","O6SOE8-JOVHW-T3UBJV","AVAX/EUR","forex","crypto","2026-02-28 20:53:02.5492","buy","limit","7.77000","96.86793","0.23052","12.46691542","0.00000","","LCFWAW-Q4X6G-4YWKOO,LDVMBO-4KF9O-QKZ6L6","TE2YE3-8D1N1-TP1LSJ","","","","","","","",""
"TENFRR-YBCN7-8HZFFG","OHF3OB-S0SWV-5QD8C1","SOL/EUR","forex","crypto","2026-03-01 20:30:41.1135","buy","limit","71.08000","152.81665","0.45035","2.14992467","0.00000","","LW66L1-GEJ7A-W3IXIE,LZEV57-U66ID-36XC53","TT2SJ6-4YW5R-1F5BF7","","","","","","","",""
"TSX82U-FL9MQ-11PHLS","OQK7ME-HZS8F-093FL0","SOL/EUR","forex","crypto","2026-03-02 22:39:36.3101","buy","limit","74.08000","50.77268","0.10861","0.68537629","0.00000","","LXHE68-Y1TL9-JNTSSQ,LAJOP6-ZTT8K-Z3Q0EW","TLC4H6-TVD1Z-ODXRK6","","","","","","","",""
"TC7MV5-NLZL7-HVWR3Y","ONIIJU-QW4QD-102KKV","BTC/EUR","forex","crypto","2026-03-03 10:00:51.9131","buy","market","58853.20000","480.97189","1.12057","0.00817240","0.00000","","LNZZ3Z-W0SD7-SBZ75E,LUFVHP-7SRK5-8HEGIV","TJB5AQ-Y9055-S2ULQ4","","","","","","","",""
"TOA8NZ-F94E8-2XEU74","OS5TR2-1EJ2V-HAK2X9","ETH/EUR","forex","crypto","2026-03-03 20:55:48.8059","sell","limit","1706.94000","120.41024","0.31355","0.07054158","0.00000","","LUXBOX-O5T9D-HXJ9S0,LU9D8X-92MFJ-E50QYR","TZLZ72-J8DY0-U7033Z","","","","","","","",""
"TYCSNU-966WQ-X1N6PH","O1RAEM-YD8YH-304A8P","BTC/EUR","forex","crypto","2026-03-04 12:27:19.6575","sell","limit","62491.90000","1479.08891","3.38786","0.02366849","0.00000","","LOTTXT-1B1MV-HMN853,L3KHZH-4J5BN-FORP25","TV320S-XNW3W-90M43I","","","","","","","",""
"T7H4GY-MRRQS-RNH2PH","O1DJVV-H3T8X-2G24GV","DOT/EUR","forex","crypto","2026-03-04 22:36:48.1212","buy","limit","1.32540","33.40008","0.09800","25.20000000","0.00000","","LYRONA-DCVMS-AK0OJW,L1JVAA-08D71-6JQVLW","T2V8M6-IXAQ7-NXNGBY","","","","","","","",""
"TJ1IRV-A0Y0W-LIWLAP","O3K5B8-SNTHT-7UGVIV","UNI/EUR","forex","crypto","2026-03-06 08:45:40.5963","buy","limit","3.32000","35.19200","0.08726","10.60000000","0.00000","","L9SZJ2-RQB2J-MZNG9J,LBD25O-S5QUH-67QXJ9","T2650I-486H2-WJMFB8","","","","","","","",""
"TPRTYV-EKSVQ-UQS95A","ODJ6QX-J8THM-86Y1YO","DOT/EUR","forex","crypto","2026-03-07 09:01:11.4042","buy","market","1.24780","85.22474","0.17727","68.30000000","0.00000","","L1BOTM-1CD4Z-YEFG5O,LDHDGQ-NXSKY-Z86IOS","TA6S9R-CB2OX-EBPBBQ","","","","","","","",""
"TEC8FB-947E6-K52BI8","O6MTZH-SP3V5-VS0JZW","TRUMP/EUR","forex","crypto","2026-03-08 17:00:01.6364","buy","limit","2.58100","118.45813","0.27512","45.89621423","0.00000","","LI3NDF-FY15P-JEM8SG,LNXY12-XC6VI-7EP03L","TK0QD2-AZKTV-EZLBUX","","","","","","","",""
"T2IS1Q-P5XYA-KJEGCA","OEQ5S2-22J0C-RS0SJJ","ETH/EUR","forex","crypto","2026-03-08 23:46:17.5377","buy","limit","1682.39000","257.83372","0.63223","0.15325443","0.00000","","L5TX69-VA98B-WNAZMP,LWB0F4-X6VVW-NH83FI","T4OJAI-PXEM2-42YHFE","","","","","","","",""
